,rmse,mean,median,std,min,max,sse
truth.txt,32.40791741758041,26.71839430783073,24.12057550643042,18.341224521715823,0.0,61.639981916081055,1156350.6955905275
