,rmse,mean,median,std,min,max,sse
truth.txt,27.56740804427822,23.48204032904416,24.506490265310322,14.441460046161506,0.0,48.5168996051719,836718.1468939887
