,rmse,mean,median,std,min,max,sse
truth.txt,43.126727671614226,34.431773401225946,29.2844299520339,25.968589105074717,0.0,85.02417602750437,2047766.0182673952
