,rmse,mean,median,std,min,max,sse
truth.txt,43.56563073379697,34.69105373356476,28.75459435950426,26.353272511938215,0.0,86.90728723810265,2089658.563538144
