,rmse,mean,median,std,min,max,sse
truth.txt,29.049945617527733,24.067370759542605,21.78595879229468,16.268405118635087,0.0,55.83539195018666,929133.1737598318
