,rmse,mean,median,std,min,max,sse
truth.txt,33.29720784971809,27.368123272244482,24.38818000436943,18.965491798067312,0.0,64.55770456192337,1220683.1596966484
