,rmse,mean,median,std,min,max,sse
truth.txt,37.34062572703048,30.08264040063543,25.625108637834195,22.121416686374946,0.0,74.64114068436841,1535148.8849844737
