,rmse,mean,median,std,min,max,sse
truth.txt,43.0859651413628,33.51903924667211,25.247576998767844,27.071653073700272,0.0,91.37931400756344,2043896.831771166
