,rmse,mean,median,std,min,max,sse
truth.txt,33.919622306361305,27.51992472120747,23.657309242239997,19.82913313146285,0.0,65.76999091007586,1266745.39592423
