,rmse,mean,median,std,min,max,sse
truth.txt,40.403280365414865,32.92974693859448,30.16492222015776,23.410613636691494,0.0,76.06217941722717,1797299.9957792363
