,rmse,mean,median,std,min,max,sse
truth.txt,41.31178129356194,32.39205565516886,25.214778520653972,25.640163885582673,0.0,84.95027053910083,1879036.2642854508
