,rmse,mean,median,std,min,max,sse
truth.txt,41.276282426931026,32.77898522751833,26.24451372586044,25.085247027723486,0.0,82.72797317480698,1875808.3715775406
