,rmse,mean,median,std,min,max,sse
truth.txt,46.00096841991186,36.51284351153093,30.56732864422635,27.980374448391174,0.0,91.82519500614457,2329814.094222271
