,rmse,mean,median,std,min,max,sse
truth.txt,41.43971577798194,33.35811703724069,28.65757758533209,24.58629845034989,0.0,82.07297394167514,1890692.2981796772
