,rmse,mean,median,std,min,max,sse
truth.txt,50.97113922446969,39.56598375666396,30.627153611691956,32.13393787271763,0.0,104.47028638957308,2860460.79425814
