,rmse,mean,median,std,min,max,sse
truth.txt,35.31895187862707,29.274017192365424,27.765095529698247,19.76006779406052,0.0,64.04878575315276,1373418.6263470566
