,rmse,mean,median,std,min,max,sse
truth.txt,45.611573507308066,35.650124962877406,28.885183583576012,28.451436307219932,0.0,91.38784392912588,2290537.6172316363
