,rmse,mean,median,std,min,max,sse
truth.txt,39.03464504832534,31.553063109721556,27.952151771128165,22.98059447539768,0.0,76.63494697884957,1677597.5689676735
