,rmse,mean,median,std,min,max,sse
truth.txt,38.26794344843451,30.86816806601491,26.861166041664756,22.618392869981705,0.0,76.79369628128735,1612343.4808456125
