,rmse,mean,median,std,min,max,sse
truth.txt,45.466352783422565,35.239501446952026,26.92364660513688,28.729197225068834,0.0,93.28051122209402,2275975.348204727
