,rmse,mean,median,std,min,max,sse
truth.txt,43.59678226803618,34.6750016022748,29.23138413711318,26.425814803119962,0.0,87.62281093174288,2092648.045963336
