,rmse,mean,median,std,min,max,sse
truth.txt,43.35219400086351,34.0990613339298,27.473885167368937,26.770632058907395,0.0,88.53058674575065,2069233.4098820456
