,rmse,mean,median,std,min,max,sse
truth.txt,32.59884799044634,26.828266993030105,24.340570630206123,18.51834173069821,0.0,62.19444904336203,1170016.0642249542
