,rmse,mean,median,std,min,max,sse
truth.txt,37.030305851351194,29.868266820959775,25.534004145228913,21.889042659663488,0.0,73.24058992494395,1509739.1501405207
