,rmse,mean,median,std,min,max,sse
truth.txt,35.00523153746125,28.72900008807069,26.173281141445493,20.000269721453908,0.0,67.97832155262638,1349128.2247253903
