,rmse,mean,median,std,min,max,sse
truth.txt,41.86514000812395,33.615401622086765,29.61993158301163,24.95385184066035,0.0,81.51976142718755,1929711.6326377029
