,rmse,mean,median,std,min,max,sse
truth.txt,38.351670933452205,31.34341104637733,28.85938238539427,22.100706942666665,0.0,72.00923480392949,1619406.580389971
