,rmse,mean,median,std,min,max,sse
truth.txt,39.339011509885566,31.365032917273943,25.964200200183505,23.744315881347923,0.0,78.93334295852829,1703861.167058975
