,rmse,mean,median,std,min,max,sse
truth.txt,45.47410148211601,35.2978785749951,26.429628468675535,28.66973445483385,0.0,94.20321496782952,2276751.19007197
