,rmse,mean,median,std,min,max,sse
truth.txt,42.88893938537711,34.05694308827844,28.283912864940717,26.06886551203015,0.0,85.70714549296802,2025246.6948844097
