,rmse,mean,median,std,min,max,sse
truth.txt,32.826200647720874,27.18151071687282,25.0817464507705,18.404481087848094,0.0,63.023525115516165,1186392.9533098377
