,rmse,mean,median,std,min,max,sse
truth.txt,38.50450202218592,30.550169971440855,24.56972237819456,23.436804191113442,0.0,78.0643596645752,1632338.9402501476
