,rmse,mean,median,std,min,max,sse
truth.txt,49.941805542167195,39.12200566352179,32.211739278174974,31.042754608362507,0.0,100.09556130946982,2746096.5188336177
