,rmse,mean,median,std,min,max,sse
truth.txt,35.2336083366563,28.834343425859966,24.919565954834383,20.24815536340194,0.0,67.47832545602046,1366789.2792194071
