,rmse,mean,median,std,min,max,sse
truth.txt,30.083556995193206,25.271061921005444,24.110894944111493,16.321575624545158,0.0,54.200517423844914,996427.4620328249
