,rmse,mean,median,std,min,max,sse
truth.txt,44.81726164434108,35.24188951201847,27.750054498465044,27.68747306851979,0.0,90.78992601798028,2211454.222368356
