,rmse,mean,median,std,min,max,sse
truth.txt,43.09352667709644,33.79177582761944,26.030012096592,26.742623803313258,0.0,86.49224518220684,2044614.2976580544
