,rmse,mean,median,std,min,max,sse
truth.txt,40.002705840223086,31.937195108957543,26.175089400359692,24.088006208729613,0.0,80.13140581798339,1761838.3384678995
