,rmse,mean,median,std,min,max,sse
truth.txt,30.673658295264065,25.69883613597233,24.890487239665205,16.746436470815663,0.0,55.33896985105998,1035901.5178492989
