,rmse,mean,median,std,min,max,sse
truth.txt,40.503088629223654,32.22266859825458,26.490788742252573,24.53975991964479,0.0,81.93070146937177,1806190.707545928
