,rmse,mean,median,std,min,max,sse
truth.txt,51.41388218298492,39.87610881444025,31.45356956483161,32.454325242481545,0.0,105.15382924690643,2910369.3965195655
