,rmse,mean,median,std,min,max,sse
truth.txt,6.394059378259561,5.715453727615665,5.629324380436865,2.866632871539927,0.8257096709962265,13.33216003160539,45013.27886131266
