,rmse,mean,median,std,min,max,sse
truth.txt,5.075941848760906,4.496619923335496,4.083416346072266,2.3549086855045034,1.079861186243657,11.457677281815883,28367.469402854513
