,rmse,mean,median,std,min,max,sse
truth.txt,6.049283142035352,5.382131954488899,5.453623583195054,2.7616086176325947,0.776862651262667,13.428257002169776,40289.80301229693
