,rmse,mean,median,std,min,max,sse
truth.txt,4.385167599852874,3.947671691410023,3.8364322366345442,1.90934101083053,0.36184270575214644,10.149020411055188,21171.89406155816
