,rmse,mean,median,std,min,max,sse
truth.txt,5.902063589181101,5.242616618436,5.396460242762923,2.71096396192129,0.5973029603825099,12.884641434089843,38352.62442642177
