,rmse,mean,median,std,min,max,sse
truth.txt,7.257091662604993,6.429391033681798,6.791724866424139,3.365755537091636,0.4244495438962074,15.7966637279311,57984.58271879544
