,rmse,mean,median,std,min,max,sse
truth.txt,5.962080293095605,5.276041962605862,5.404327452324398,2.776649533185824,0.31279690920766856,13.511136741843847,39136.58796487219
