,rmse,mean,median,std,min,max,sse
truth.txt,6.368209979036319,5.603795686766359,5.881130269236254,3.025156564225478,0.6114321135667408,13.652493563442434,44650.062269144626
