,rmse,mean,median,std,min,max,sse
truth.txt,6.153614796623039,5.47732191735365,5.621776415024948,2.804624694838034,0.46297731320378954,13.202602786441862,41691.53954680503
