,rmse,mean,median,std,min,max,sse
truth.txt,2.8955176301764673,2.604661313923045,2.6608092591506707,1.2648168983751855,0.2733706815407367,5.463697713868023,9230.808603675683
