,rmse,mean,median,std,min,max,sse
truth.txt,6.7999906186339185,6.037646362847906,5.932053872828465,3.1283699926157653,0.33038951332086935,14.446228775452894,50910.099527273735
