,rmse,mean,median,std,min,max,sse
truth.txt,6.793212973315271,6.059419579367912,6.537829718027929,3.0710221200752836,0.5138715119857353,15.990272098588736,50808.66449340161
