,rmse,mean,median,std,min,max,sse
truth.txt,5.129939108058208,4.547468045369141,4.900739803274125,2.3741966280684523,0.5409535837643764,12.709861414231177,28974.21905287593
