,rmse,mean,median,std,min,max,sse
truth.txt,3.6759190577981613,3.296122987138005,3.3447289237140594,1.6272535675622757,0.44142645290077376,7.37203792709171,14877.131392351577
