,rmse,mean,median,std,min,max,sse
truth.txt,4.598110011560591,4.0732220241635915,3.8533985917595275,2.1334193259372127,0.7350413452420131,9.21599319209639,23278.019861933528
