,rmse,mean,median,std,min,max,sse
truth.txt,6.385939578287791,5.617493975500485,5.392376782518077,3.0371015348121317,0.697442762757397,13.28803226413294,44899.026951594235
