,rmse,mean,median,std,min,max,sse
truth.txt,4.599382320861686,4.093286184015994,4.092146534182143,2.097457019630869,0.5430599561419395,10.500582589732707,23290.903824533983
