,rmse,mean,median,std,min,max,sse
truth.txt,8.190086289662892,7.178033298847018,6.923954738628342,3.9437737502001124,0.7644598076341966,15.959904093218878,73852.34228876862
