,rmse,mean,median,std,min,max,sse
truth.txt,5.981190578733736,5.318001133462314,5.252583723339422,2.737426653561105,0.85836307781518,13.645290777865565,39387.87945378566
