,rmse,mean,median,std,min,max,sse
truth.txt,6.19299209481334,5.511635180770552,5.227833695202058,2.824009334353,0.8202633630596097,13.846707931647604,42226.81934614899
