,rmse,mean,median,std,min,max,sse
truth.txt,4.536688865290469,4.0314432837671905,3.7423811836559135,2.080627527987395,1.0902573151564037,9.660949493084233,22660.28199235603
