,rmse,mean,median,std,min,max,sse
truth.txt,8.62769987315584,7.670775535107821,8.062592222021468,3.949228759042031,1.1092381543797916,18.65176887856057,81955.3628164799
