,rmse,mean,median,std,min,max,sse
truth.txt,7.058260201677906,6.244094963415139,6.378290838115697,3.2909444180119354,0.6090884401811661,15.436142469831594,54850.75981912385
