,rmse,mean,median,std,min,max,sse
truth.txt,4.020110689990364,3.5424722302419536,3.5392592107455356,1.9005737180492106,0.6086881276457168,7.747116773318255,17793.58024571206
