,rmse,mean,median,std,min,max,sse
truth.txt,3.9366408812072935,3.5785517569542615,3.508781515400495,1.6404599203857753,0.3777985569889243,9.052337562162025,17062.352711779382
