,rmse,mean,median,std,min,max,sse
truth.txt,5.697536869706447,5.06038386872407,4.637885262217313,2.618098829842285,0.7152702519751774,11.912027557888289,35740.58094621243
