,rmse,mean,median,std,min,max,sse
truth.txt,3.884503284516832,3.3191355638435915,3.170442167398984,2.018094367528619,0.4590091549540709,8.578738546823864,16613.391709931682
