,rmse,mean,median,std,min,max,sse
truth.txt,6.794006207750197,6.068551671995753,6.181309171618561,3.05470145108581,1.271746586673337,14.561476406845989,50820.53090639398
