,rmse,mean,median,std,min,max,sse
truth.txt,4.877954463215012,4.381208644429317,4.793850012711328,2.144632966075332,0.8866264711668032,9.872440985114634,26197.67815946438
