,rmse,mean,median,std,min,max,sse
truth.txt,4.07126737929013,3.6316494825161363,3.4217651325765877,1.8402011058066987,0.7807960100619437,8.71433857894826,18249.315099112784
