,rmse,mean,median,std,min,max,sse
truth.txt,7.070855498753745,6.298098514010818,6.626726057040586,3.214179925279666,0.9792136220288298,16.91107375338442,55046.69423016594
