,rmse,mean,median,std,min,max,sse
truth.txt,4.767115737388362,4.2742482763816145,4.346582164371147,2.1109699489818854,0.303149477643337,11.306060557402661,25020.65709147503
