,rmse,mean,median,std,min,max,sse
truth.txt,8.099558551252148,7.194625185131266,7.585216238143012,3.7202442353475558,0.19621437245306572,16.93914415532527,72228.73644640316
