,rmse,mean,median,std,min,max,sse
truth.txt,8.118717094602143,7.262143927242363,7.864177216742314,3.6297152563530246,0.5771384178767746,17.536224276615027,72570.83755566574
