,rmse,mean,median,std,min,max,sse
truth.txt,5.8103209842457435,5.106259180941553,4.906124933942448,2.7723540749724807,0.9702096173696834,11.462599695588587,37169.57276390304
