,rmse,mean,median,std,min,max,sse
truth.txt,7.067952440986941,6.275200036518434,6.189157025793109,3.25235548637173,0.4324358753784621,15.408441582426466,55001.502830566635
