,rmse,mean,median,std,min,max,sse
truth.txt,8.514407857921553,7.583182365795845,8.193492718819746,3.8717549480977236,0.91041671489079,19.46731640782583,79817.15042931095
