,rmse,mean,median,std,min,max,sse
truth.txt,5.877660982949446,5.255955609779656,5.6330691106435395,2.630936954492068,0.8390915076824453,13.58061127742076,38036.13539216536
