,rmse,mean,median,std,min,max,sse
truth.txt,2.4774431322568233,2.203670794521637,2.0678551357721,1.132059849539271,0.2996447159305832,5.406879339828739,6757.634645396717
