,rmse,mean,median,std,min,max,sse
truth.txt,5.247090057884323,4.598594247663258,4.265011236471269,2.52683300218018,0.9780241441393192,11.07136968224055,30312.68143717891
