,rmse,mean,median,std,min,max,sse
truth.txt,4.320452980061668,3.83459298233048,3.676633378914824,1.9905302340797508,0.8476507631966069,9.001620896930298,20551.611662169045
