,rmse,mean,median,std,min,max,sse
truth.txt,25.654470915682776,21.371319366723192,18.550863328298448,14.19220160824724,0.0,51.19188588951147,724625.2176379384
