,rmse,mean,median,std,min,max,sse
truth.txt,29.43765890993438,24.11582574418223,19.893397467090452,16.882023302136403,0.0,58.712201714541706,954099.9140695005
