,rmse,mean,median,std,min,max,sse
truth.txt,25.2235640974801,21.255589765516337,19.21399447004648,13.580430387132951,0.0,49.23923700749907,700487.2325434354
