,rmse,mean,median,std,min,max,sse
truth.txt,27.887596118285444,22.82800831912933,18.594943218537978,16.018740694523125,0.0,56.60330838560205,856267.5369995269
