,rmse,mean,median,std,min,max,sse
truth.txt,20.11265861485211,17.455273874632596,16.60540881957962,9.99161901391129,0.0,38.672606752239,445375.4592499009
