,rmse,mean,median,std,min,max,sse
truth.txt,31.46751743842758,25.724924576946243,21.331118818387132,18.12271804250597,0.0,63.252639836302386,1090215.3237652562
