,rmse,mean,median,std,min,max,sse
truth.txt,28.264503945828263,23.436797986632385,20.008554807488103,15.79869245974254,0.0,56.645299435387585,879569.2838174194
