,rmse,mean,median,std,min,max,sse
truth.txt,23.21154006293858,19.90079793561216,18.48532565056877,11.947126584218381,0.0,43.62247895227125,593191.9268948365
