,rmse,mean,median,std,min,max,sse
truth.txt,27.50183726404244,22.727626454157896,19.240301805815477,15.485672367002202,0.0,56.327941401468415,832742.5092405586
