,rmse,mean,median,std,min,max,sse
truth.txt,23.54521529321175,20.018092849592875,18.0098221484177,12.395689648775939,0.0,44.876375391406654,610369.2566872654
