,rmse,mean,median,std,min,max,sse
truth.txt,24.071699484719378,20.53473996782575,19.18737023935635,12.560699444553986,0.0,45.32814467545476,637970.8344069858
