,rmse,mean,median,std,min,max,sse
truth.txt,28.364947697826015,23.446517882914122,19.786063136712826,15.963428737792949,0.0,56.17067315947106,885831.8539483463
