,rmse,mean,median,std,min,max,sse
truth.txt,26.500655247050815,22.00414801309433,18.84914329194847,14.76828354078018,0.0,52.92475248380002,773215.4861038692
