,rmse,mean,median,std,min,max,sse
truth.txt,34.59203025099628,27.89698055001722,22.216456375227317,20.454022418042943,0.0,69.32397797091151,1317466.021131312
