,rmse,mean,median,std,min,max,sse
truth.txt,23.901581904340627,20.49838410220383,18.99605533784183,12.292349927024562,0.0,43.85760554588784,628985.4649004235
