,rmse,mean,median,std,min,max,sse
truth.txt,26.87821433706656,22.500361756602953,19.57159116620248,14.702793162229058,0.0,52.26382160993196,795404.6849501686
