,rmse,mean,median,std,min,max,sse
truth.txt,28.278897248248004,23.13971979913736,19.23933456829955,16.25574966571456,0.0,58.340919750954995,880465.3285642425
