,rmse,mean,median,std,min,max,sse
truth.txt,30.099291728586422,25.06318701845979,22.37778652983022,16.667453885949705,0.0,57.858664860967956,997470.0661813688
