,rmse,mean,median,std,min,max,sse
truth.txt,31.30347109065965,25.64945695350845,22.453545858765793,17.944711207313453,0.0,61.81869173804062,1078877.9398584645
