,rmse,mean,median,std,min,max,sse
truth.txt,24.504817471411226,20.639783310129346,18.40676171187752,13.209293100619995,0.0,47.141418935928655,661135.1733172061
