,rmse,mean,median,std,min,max,sse
truth.txt,23.27677927413375,19.682072815710136,17.430729150311656,12.42676398157729,0.0,45.54168481847423,596531.1071677936
