,rmse,mean,median,std,min,max,sse
truth.txt,29.800548479732907,24.42849679339298,20.308664505990162,17.06813505067558,0.0,59.9800424328852,977768.0313518954
