,rmse,mean,median,std,min,max,sse
truth.txt,34.512079181755624,27.405831357478366,20.542121905457655,20.97627271593372,0.0,71.46015980980782,1311383.0540019947
