,rmse,mean,median,std,min,max,sse
truth.txt,30.066223884803964,24.878653241699908,21.85587472326274,16.88284429740473,0.0,58.65200129117759,995279.5783789633
