,rmse,mean,median,std,min,max,sse
truth.txt,32.685399834841974,26.26719634670281,20.496822751393214,19.45172893208339,0.0,67.42915174409656,1176237.2339621999
