,rmse,mean,median,std,min,max,sse
truth.txt,28.90100115767108,23.402973406625097,18.44157937951536,16.95785079674024,0.0,59.93248116788815,919629.9225751912
