,rmse,mean,median,std,min,max,sse
truth.txt,28.199921848211655,23.40818923701262,20.394566823721764,15.725529208565655,0.0,56.207858317239086,875554.3870620148
