,rmse,mean,median,std,min,max,sse
truth.txt,22.304836485841925,18.94181208720567,16.912864439322526,11.77766893375486,0.0,43.88882320963893,547753.8094568198
