,rmse,mean,median,std,min,max,sse
truth.txt,30.566491791631666,24.588641495631656,18.881194668605886,18.157894422184174,0.0,64.02305314611382,1028675.7729131225
