,rmse,mean,median,std,min,max,sse
truth.txt,26.732986376235274,22.304299414364763,19.470617433452308,14.736715652625866,0.0,52.08335158428109,786832.4692117708
