,rmse,mean,median,std,min,max,sse
truth.txt,30.410415333500275,25.03696433119296,20.880879484127604,17.261047993518822,0.0,60.54420748844771,1018197.4901923436
