,rmse,mean,median,std,min,max,sse
truth.txt,27.122810979729156,22.606978787805083,19.76073547789268,14.985706040418894,0.0,53.49123919226424,809947.2098617703
