,rmse,mean,median,std,min,max,sse
truth.txt,28.7423354737311,23.62504437678275,19.52050041032612,16.370068010840605,0.0,57.5516444311765,909560.1551814358
