,rmse,mean,median,std,min,max,sse
truth.txt,27.459932606141145,22.773247871500136,19.613672181099965,15.343633211108385,0.0,54.774310377633846,830206.7365059287
