,rmse,mean,median,std,min,max,sse
truth.txt,22.84249601782406,19.715073963263507,18.804235868776775,11.536701562723959,0.0,43.00354047478886,574479.3663810632
