,rmse,mean,median,std,min,max,sse
truth.txt,24.163244135947387,20.511738735686393,18.962901627546643,12.772272358994629,0.0,46.305991202695374,642832.4662579087
