,rmse,mean,median,std,min,max,sse
truth.txt,23.873779584914352,20.150922334221328,17.95764531929837,12.802252955993858,0.0,46.32522834291045,627523.0441876497
