,rmse,mean,median,std,min,max,sse
truth.txt,30.169170916175464,24.962820145598272,21.628730830916442,16.94215110745742,0.0,58.69304138127612,1002106.9400201178
