,rmse,mean,median,std,min,max,sse
truth.txt,23.326249443669198,19.77687948374612,17.45166122197772,12.368870239179452,0.0,45.94628335311944,599069.4183322135
