,rmse,mean,median,std,min,max,sse
truth.txt,30.97489972383243,24.93531073215014,19.677191772262347,18.375926958730346,0.0,65.34305566373186,1056348.2986045233
