,rmse,mean,median,std,min,max,sse
truth.txt,32.976226040078714,26.83611503050477,22.280076075411078,19.163883059439733,0.0,66.10247476151025,1197262.0637148484
