,rmse,mean,median,std,min,max,sse
truth.txt,6.372632414398469,5.664817558472065,5.560430816835216,2.9189528804467937,0.8442135333543986,11.893273315215236,44712.0987218353
