,rmse,mean,median,std,min,max,sse
truth.txt,4.351790484417685,3.7733647611639696,3.3979633936389306,2.167901934930241,0.9495321820597097,8.61025407870669,20850.826542715404
