,rmse,mean,median,std,min,max,sse
truth.txt,3.69221694925182,3.2738192036254072,3.0725962989445175,1.7072122956199447,0.47134413886348625,7.08453744444628,15009.345066376998
