,rmse,mean,median,std,min,max,sse
truth.txt,2.8931605655232615,2.617089301697078,2.306225839208416,1.2333781434911106,0.6389796809595367,5.482375843589567,9215.786241746664
