,rmse,mean,median,std,min,max,sse
truth.txt,5.125186053384703,4.531496691128926,4.360702747986963,2.3943829727294363,0.5664660272306433,9.476431043578128,28920.552822071782
