,rmse,mean,median,std,min,max,sse
truth.txt,5.297609034199142,4.652870785153936,4.519459305188973,2.532874836206747,0.5233362257651223,9.96860307421796,30899.192288630427
