,rmse,mean,median,std,min,max,sse
truth.txt,3.2935471256582476,2.9089246752764533,2.702620446601529,1.5445419717506819,0.43987305132314525,6.458423448417218,11943.045388493807
