,rmse,mean,median,std,min,max,sse
truth.txt,6.722050221370897,5.972343472740767,5.905409938187429,3.0849753033441414,0.5656936855821847,13.037798418273995,49749.741055674414
