,rmse,mean,median,std,min,max,sse
truth.txt,4.79052306751791,4.206964912017942,4.016684052949805,2.2914094984247297,0.4864296999392703,9.38947438655307,25266.97149772374
