,rmse,mean,median,std,min,max,sse
truth.txt,4.56926204503705,4.061443758608519,3.8465930879236043,2.0935210130008413,0.7223990638676335,8.848579639308184,22986.84935547399
