,rmse,mean,median,std,min,max,sse
truth.txt,3.6107127024444905,3.269239071755633,3.080313258810683,1.5327498528136798,0.36844528877283905,7.164581572690232,14354.008087772987
