,rmse,mean,median,std,min,max,sse
truth.txt,4.045810543491507,3.6492083042543126,3.3900975450329582,1.7469578432201538,0.5001263833259955,7.857944460876751,18021.809832163577
