,rmse,mean,median,std,min,max,sse
truth.txt,5.3060277507755,4.7059238473570355,4.526717959142994,2.4511652810196356,0.5365057629513281,10.54228926229289,30997.477471691684
