,rmse,mean,median,std,min,max,sse
truth.txt,5.353187107585054,4.790506022341041,4.816155020926146,2.3890718404286324,0.9505647868352088,9.825675933700106,31550.930041905132
