,rmse,mean,median,std,min,max,sse
truth.txt,5.056445563773049,4.4513773492307545,4.242147019841253,2.398516506959153,0.7307061922163695,9.85839057575055,28149.973555079563
