,rmse,mean,median,std,min,max,sse
truth.txt,3.7223242556324045,3.31863857658918,3.0528517908917254,1.6859228517472185,0.2969613568208844,7.848133166936881,15255.123348340338
