,rmse,mean,median,std,min,max,sse
truth.txt,4.385536343408506,3.8713651353471654,3.634285134652922,2.060451651501504,0.5396830933603279,8.346020289477599,21175.454850311893
