,rmse,mean,median,std,min,max,sse
truth.txt,3.5761208210440283,3.1609225528560083,2.9672719232618867,1.6724857971148417,0.4564306659533189,7.255541084203131,14080.29277950178
