,rmse,mean,median,std,min,max,sse
truth.txt,3.305526746893783,3.0336166033848833,2.9007144428240594,1.3128889435507325,0.8166069615796822,6.46286472785623,12030.084288947644
