,rmse,mean,median,std,min,max,sse
truth.txt,5.064041144270423,4.385010874660629,4.064760309419676,2.533020398648958,0.7692372544274858,10.7651891362902,28234.608494660926
