,rmse,mean,median,std,min,max,sse
truth.txt,5.630492929493591,4.944149289000117,4.651015895713699,2.694037571593419,0.5528007076944186,11.01508636106486,34904.398142614125
