,rmse,mean,median,std,min,max,sse
truth.txt,4.507076590682185,4.020676227816326,3.6682590171875344,2.0366398958451213,1.055838274741077,8.625011067880019,22365.427073097155
