,rmse,mean,median,std,min,max,sse
truth.txt,5.708583019033637,5.054871996381415,5.030339774681864,2.6525816076792346,0.3316245394888708,11.627026274165663,35879.30001380431
