,rmse,mean,median,std,min,max,sse
truth.txt,6.48050268247021,5.6316468427281015,5.33834215029623,3.2064729620400967,0.5930024708822653,12.863169648372077,46238.60343427144
