,rmse,mean,median,std,min,max,sse
truth.txt,4.753952344214673,4.252168102789734,4.050322318655272,2.125824385193128,0.4339230541165667,9.478209414956114,24882.669243061664
