,rmse,mean,median,std,min,max,sse
truth.txt,4.762784989909532,4.31200558904187,4.579109812314133,2.022554983227703,0.8022188595031984,10.446897859796831,24975.217066978403
