,rmse,mean,median,std,min,max,sse
truth.txt,5.891504248025329,5.218811352645217,5.235076273171953,2.7338307134864617,0.7207453469633011,11.17951435200727,38215.514357255044
