,rmse,mean,median,std,min,max,sse
truth.txt,4.874782985308089,4.280261702283298,3.9789772502307685,2.3329956951987993,0.6612093449340246,9.71335343349861,26163.62357838802
