,rmse,mean,median,std,min,max,sse
truth.txt,6.114209729061527,5.43988379660582,5.2040321026819925,2.7912765700259943,0.5820853506508216,11.828404218927542,41159.30023265664
