,rmse,mean,median,std,min,max,sse
truth.txt,3.747944389726399,3.394220682148298,3.448842496240068,1.5894505683909557,0.5531731099596251,8.304466406573217,15465.842950478229
