,rmse,mean,median,std,min,max,sse
truth.txt,4.683752156213647,4.165278433774237,4.099371493557276,2.141959343678404,0.6154883524004373,8.749073570253053,24153.225221180415
