,rmse,mean,median,std,min,max,sse
truth.txt,4.117911188304715,3.5921560043063465,3.507605713471253,2.0133573442116566,0.48805133249388427,8.04013882088088,18669.86900279643
