,rmse,mean,median,std,min,max,sse
truth.txt,3.8113677303562166,3.3881258366762346,3.3658786304766872,1.7456022716666184,0.4307552295805005,7.263920271865452,15993.702897576766
