,rmse,mean,median,std,min,max,sse
truth.txt,5.185671496391866,4.564606146221078,4.484227425157103,2.4608046648143,0.5415026266947297,9.94467655106741,29607.198944208656
