,rmse,mean,median,std,min,max,sse
truth.txt,3.9377781947859787,3.5330548758011586,3.0405600920880715,1.7388560480699888,0.9241387682731079,7.439533761123925,17072.212919576446
