,rmse,mean,median,std,min,max,sse
truth.txt,4.155649561595432,3.649700134105046,3.335246269543063,1.9872373310457683,0.5265120516576215,8.379196264057121,19013.63502994592
