,rmse,mean,median,std,min,max,sse
truth.txt,5.226725777223324,4.576927370362012,4.450575449091689,2.5239647772347866,0.5950161674566348,9.686270054059802,30077.847247670124
