,rmse,mean,median,std,min,max,sse
truth.txt,2.842641745482748,2.5805454978997964,2.7367031887204853,1.192223563946921,0.4876902760875134,5.409206863033474,8896.753914570485
