,rmse,mean,median,std,min,max,sse
truth.txt,3.83753431764826,3.412364582860863,3.1748506973659034,1.755687213818255,0.32387858587595836,8.044224721677164,16214.063272680036
