,rmse,mean,median,std,min,max,sse
truth.txt,3.870070376423407,3.328154377579826,3.0149357935499648,1.9750526973896791,0.6902490224013155,8.263186762740672,16490.16663503548
