,rmse,mean,median,std,min,max,sse
truth.txt,3.5553177633795356,3.217446138791213,3.28234321928619,1.5127209731406437,0.44672644862584393,6.641352483439678,13916.95312286087
