,rmse,mean,median,std,min,max,sse
truth.txt,6.953078978071706,6.49673619536274,6.4178441848128935,2.4774434571078205,0.0,9.914156790411248,53228.18331010825
