,rmse,mean,median,std,min,max,sse
truth.txt,6.391110816707686,5.966284940231184,5.710029035090973,2.291231433838264,0.0,9.387090575519853,44971.77351605321
