,rmse,mean,median,std,min,max,sse
truth.txt,6.079997687526351,5.641436800401976,5.622086472717493,2.26728090615082,0.0,8.878827536163259,40699.975440238675
