,rmse,mean,median,std,min,max,sse
truth.txt,6.848544481244838,6.408102280179747,6.472552712382782,2.4163581436418413,0.0,9.685655679450296,51639.720224259625
