,rmse,mean,median,std,min,max,sse
truth.txt,6.378893847722416,5.932318712577316,5.936493840903184,2.3447561521224136,0.0,9.166989899605845,44800.0056792825
