,rmse,mean,median,std,min,max,sse
truth.txt,6.147766402097067,5.708569513838196,5.649458958760184,2.2819434349761267,0.0,9.171936799396569,41612.32993996361
