,rmse,mean,median,std,min,max,sse
truth.txt,5.5281854515725675,5.024355892284738,5.5870667486228545,2.3057931942483987,0.0,8.491432859429608,33647.47866006343
