,rmse,mean,median,std,min,max,sse
truth.txt,6.474777675097222,6.055137565501033,5.804698618872577,2.2930449199253835,0.0,9.085516572227702,46156.94328207306
