,rmse,mean,median,std,min,max,sse
truth.txt,6.572979816459097,6.144621131979517,6.0122609943541745,2.334029736744887,0.0,9.418048807433495,47567.6740980041
