,rmse,mean,median,std,min,max,sse
truth.txt,6.5801235903429225,6.162675759372494,6.063392183754481,2.3063941443365867,0.0,9.38925109119197,47671.12713707037
