,rmse,mean,median,std,min,max,sse
truth.txt,6.011892763401211,5.577875946076058,5.556479487128052,2.242800599434101,0.0,8.842626075139785,39793.28291309807
