,rmse,mean,median,std,min,max,sse
truth.txt,6.317693226065866,5.811068838165945,6.066158337150308,2.4788559169050566,0.0,9.55430690858712,43944.48571624506
