,rmse,mean,median,std,min,max,sse
truth.txt,6.271664691983264,5.775416303222471,6.082916830175999,2.4450653433275797,0.0,9.304870094536483,43306.48958754515
