,rmse,mean,median,std,min,max,sse
truth.txt,6.545490230992932,6.039895453070902,6.040877564835825,2.522519629259078,0.0,9.551179109978191,47170.63004279033
