,rmse,mean,median,std,min,max,sse
truth.txt,6.09435577051219,5.591718392728865,5.860108675789371,2.4236042733897287,0.0,9.116339871901642,40892.43065559033
