,rmse,mean,median,std,min,max,sse
truth.txt,6.680588810678935,6.2280962295920075,6.089827265572008,2.4168335094313798,0.0,9.680688040050587,49137.92380996281
