,rmse,mean,median,std,min,max,sse
truth.txt,6.692068084122344,6.222875747240994,6.396559994697118,2.4616239917844354,0.0,9.79098333454855,49306.936542024305
