,rmse,mean,median,std,min,max,sse
truth.txt,6.415681851600275,5.926874106529368,6.180522764985566,2.4562444801576313,0.0,9.52542443362684,45318.23195666939
