,rmse,mean,median,std,min,max,sse
truth.txt,6.440774298849927,6.013869838085862,5.986740145273045,2.3058497651163,0.0,9.609081780408518,45673.41449916707
