,rmse,mean,median,std,min,max,sse
truth.txt,6.738201375097766,6.2973786786190615,6.141479565742881,2.3971607266604935,0.0,9.583076043465216,49989.096906277744
