,rmse,mean,median,std,min,max,sse
truth.txt,5.605611722621805,5.120366511267406,5.23006494491318,2.2813876424418216,0.0,8.592283008170613,34596.593946059285
