,rmse,mean,median,std,min,max,sse
truth.txt,5.995093475822526,5.599856037694916,5.437583695094598,2.140737756228358,0.0,8.884783534218336,39571.20150801865
