,rmse,mean,median,std,min,max,sse
truth.txt,6.4034404032796255,5.987129185200508,5.814587155082517,2.2711964067588357,0.0,9.362261722112367,45145.457947187686
