,rmse,mean,median,std,min,max,sse
truth.txt,6.501004856037526,6.0041847516711835,6.094435221164059,2.4925548351084985,0.0,9.51753093624156,46531.63361618407
