,rmse,mean,median,std,min,max,sse
truth.txt,6.773994837071835,6.2947895969599665,6.322763720208932,2.502524721692168,0.0,9.882520605582942,50521.593663996144
