,rmse,mean,median,std,min,max,sse
truth.txt,6.788595015961026,6.325798110559139,6.312539426946901,2.46359504691362,0.0,9.767119668308538,50739.60954209471
