,rmse,mean,median,std,min,max,sse
truth.txt,5.9018863306189004,5.45877516486454,5.479836339199424,2.243665741371551,0.0,8.948658679901616,38350.3207477604
