,rmse,mean,median,std,min,max,sse
truth.txt,6.733452698995796,6.286951901375258,6.042140315632313,2.411145171782032,0.0,9.429986988943286,49918.66315982477
