,rmse,mean,median,std,min,max,sse
truth.txt,6.676092379738051,6.211786876935811,6.307745778924055,2.4462038464372746,0.0,9.8634608324644,49071.800618538924
