,rmse,mean,median,std,min,max,sse
truth.txt,6.026864713315259,5.59872035533758,5.765962306213577,2.2310151625063557,0.0,8.92291740149705,39991.731198137684
