,rmse,mean,median,std,min,max,sse
truth.txt,6.024245253944756,5.555449858598199,5.575166865114289,2.3299158242900457,0.0,8.905466090825273,39956.975498523185
