,rmse,mean,median,std,min,max,sse
truth.txt,6.293718449698247,5.878866534131387,5.846683931532289,2.2471804996355167,0.0,9.25861440677601,43611.592008403386
