,rmse,mean,median,std,min,max,sse
truth.txt,6.596073567856808,6.160755566806615,6.073705963851856,2.3565392758535872,0.0,9.519373572550007,47902.51335034976
