,rmse,mean,median,std,min,max,sse
truth.txt,6.287417657931231,5.814143820546738,5.754548398447252,2.393188759639245,0.0,9.42459485458664,43524.31450659726
