,rmse,mean,median,std,min,max,sse
truth.txt,6.450792262196645,6.036129555130235,5.97157999013594,2.2754913323718418,0.0,8.953433186721263,45815.605611827734
