,rmse,mean,median,std,min,max,sse
truth.txt,6.3071984573128,5.871133109415944,5.6801736372131275,2.3044627120977315,0.0,9.401872174794692,43798.60837030179
