,rmse,mean,median,std,min,max,sse
truth.txt,6.528133514739286,6.0872722628092015,5.887246505512311,2.358313716343959,0.0,9.250443647057574,46920.79643207481
