,rmse,mean,median,std,min,max,sse
truth.txt,6.279817950472153,5.8601704821493215,5.5888779524255465,2.257103323115284,0.0,9.04451412640082,43419.16095367058
