,rmse,mean,median,std,min,max,sse
truth.txt,6.468990745798517,6.029909380695738,5.853130625158023,2.3426553587381127,0.0,9.45183166223509,46074.473237418766
