,rmse,mean,median,std,min,max,sse
truth.txt,6.622115962717983,6.136029499849338,6.206317721537494,2.49029351697004,0.0,9.77238818523031,48281.51422587643
