,rmse,mean,median,std,min,max,sse
truth.txt,6.675108636011917,6.262387827233947,6.0918070044777854,2.3107518265432487,0.0,9.527088085130101,49057.33990811952
