,rmse,mean,median,std,min,max,sse
truth.txt,0.8416882430560702,0.7121258128972611,0.5321866727515351,0.44868243235525673,0.1563254845644339,1.9424879212473671,779.9914474471943
