,rmse,mean,median,std,min,max,sse
truth.txt,1.0258012099813123,0.828220078669269,0.6465841217501471,0.6052434416730131,0.0642423654896454,2.681065442733276,1158.5472027614358
