,rmse,mean,median,std,min,max,sse
truth.txt,1.1173067818662483,0.8952105941938183,0.6669705102707381,0.668559972513658,0.07627276830318758,2.767429089131362,1374.460263729548
