,rmse,mean,median,std,min,max,sse
truth.txt,1.2260289504039812,0.9871052123704488,0.7606740589806298,0.7271659280657883,0.12454612642747427,2.684973971145708,1654.9648329387855
