,rmse,mean,median,std,min,max,sse
truth.txt,0.98887281858277,0.8107387711081719,0.5843729447379259,0.5661908656573712,0.07057785576833538,2.100229383074764,1076.634265916347
