,rmse,mean,median,std,min,max,sse
truth.txt,1.2883415380865944,1.0236948916931838,0.7486190395272388,0.7822229141879008,0.07269381515393818,2.9567376944055646,1827.466134554024
