,rmse,mean,median,std,min,max,sse
truth.txt,0.9145528682388515,0.7578308100688608,0.6083279897614933,0.5119564552911551,0.06829653099427295,1.9959287498292746,920.8840506331051
