,rmse,mean,median,std,min,max,sse
truth.txt,1.0934289023679495,0.8897019081702919,0.6494631779834268,0.6356235356968147,0.10020979865610623,2.5269083320339343,1316.3410277514704
