,rmse,mean,median,std,min,max,sse
truth.txt,1.3162766654567657,1.0567678009783705,0.7481760606982379,0.7847458664060112,0.08125619149276789,2.944612989435751,1907.5752702886066
