,rmse,mean,median,std,min,max,sse
truth.txt,1.0642437924218604,0.8929958652894271,0.6804768645811268,0.5789414774262176,0.15776074944222074,2.4292429919066008,1247.008949529019
