,rmse,mean,median,std,min,max,sse
truth.txt,1.0698541503342953,0.869806714527599,0.6483234767041511,0.6229158710052435,0.0641777626027384,2.281012891107537,1260.1912811892562
