,rmse,mean,median,std,min,max,sse
truth.txt,0.8456551584440639,0.7119151764633312,0.5437727514466895,0.4564092774300703,0.14524229493340662,2.015725543294225,787.3610443503635
