,rmse,mean,median,std,min,max,sse
truth.txt,0.7995707915305176,0.6854884309776493,0.6137892157111148,0.4116054684580115,0.12177849195715391,1.822425895285186,703.8841091862811
