,rmse,mean,median,std,min,max,sse
truth.txt,1.0523146425976102,0.8521165542308234,0.6071780070907732,0.617465371523881,0.12231792004970417,2.5728720189447216,1219.2100838348952
