,rmse,mean,median,std,min,max,sse
truth.txt,0.7994375104721452,0.6962620731977647,0.5935825247831626,0.3928351544557231,0.11540059601036466,1.8413671066111823,703.6494667980412
