,rmse,mean,median,std,min,max,sse
truth.txt,1.1191434988890487,0.9029138817949436,0.6791015736602647,0.6612327072730214,0.09128190424584312,2.6581193584230545,1378.9828703872904
