,rmse,mean,median,std,min,max,sse
truth.txt,1.1132658812559455,0.9106964350332379,0.7103425048476638,0.6403068995304739,0.04928592829082099,2.4968451737747825,1364.5363755278033
