,rmse,mean,median,std,min,max,sse
truth.txt,1.3077951787722668,1.057714215778692,0.8150873718533674,0.7691351424552461,0.060451487499876555,3.2259228739404606,1883.071380811604
