,rmse,mean,median,std,min,max,sse
truth.txt,1.025490665708813,0.8429465197792897,0.6499465648191768,0.5840139298406227,0.08304931691277345,2.243647536905472,1157.8458471069507
