,rmse,mean,median,std,min,max,sse
truth.txt,0.9066786123477963,0.7471341621008984,0.5599777551583724,0.5136697868385036,0.04886643700504751,2.3323287533654415,905.0947828039069
