,rmse,mean,median,std,min,max,sse
truth.txt,0.6336518776935435,0.5777889560120113,0.5275853321541928,0.2601434689072618,0.11037988668108567,1.2017506296837546,442.06768701711326
