,rmse,mean,median,std,min,max,sse
truth.txt,1.1586256726021538,0.9514337267281938,0.701754880033286,0.6612014162544525,0.12325528091973706,2.707837886175245,1477.9972075832854
