,rmse,mean,median,std,min,max,sse
truth.txt,0.9702415275221012,0.8179028578715041,0.6942641635390838,0.5219229222922163,0.06878407510135312,1.9119611260347218,1036.4468525229909
