,rmse,mean,median,std,min,max,sse
truth.txt,0.8281924411011479,0.7061631671748863,0.5987657057426969,0.43270810117515907,0.09890474260485822,1.730632832372859,755.1788941662832
