,rmse,mean,median,std,min,max,sse
truth.txt,1.0860684352421837,0.8944159738361732,0.6511609723999646,0.6160882337588464,0.12503961371590944,2.433634004385435,1298.6786552783753
