,rmse,mean,median,std,min,max,sse
truth.txt,1.048591691329533,0.8869633666820155,0.6536343682982088,0.5593214829500429,0.1047450210578333,2.3627877856526736,1210.598533172989
