,rmse,mean,median,std,min,max,sse
truth.txt,0.7037644107716458,0.6082317551390968,0.5004568304784909,0.3540317470357362,0.12954170240078447,1.6152104678638046,545.3080648015067
