,rmse,mean,median,std,min,max,sse
truth.txt,1.2816232644028742,1.0143769161501275,0.8157861963329042,0.7833247499220467,0.009833413270373787,2.8493441785583857,1808.4565692364063
