,rmse,mean,median,std,min,max,sse
truth.txt,1.0409585060149604,0.8726113240691893,0.7058261433761179,0.5675773853415189,0.09457062139902161,2.1021171459272545,1193.0376669806333
