,rmse,mean,median,std,min,max,sse
truth.txt,0.8162120405762917,0.6854638233725263,0.5723519137555265,0.4431043240922302,0.07750522161192676,1.9438387242459083,733.4885067950672
