,rmse,mean,median,std,min,max,sse
truth.txt,1.1691873421262253,0.9396553788876916,0.711431828187445,0.6957347266851179,0.08585118247646056,2.9779263435672245,1505.0659441279938
