,rmse,mean,median,std,min,max,sse
truth.txt,1.0496955009744082,0.8695443746738546,0.6729590299337965,0.588007844538633,0.09400241314627972,2.200390662115951,1213.1485698872712
