,rmse,mean,median,std,min,max,sse
truth.txt,1.2773527090565875,1.0271766368459276,0.7960698798729422,0.7593010602205769,0.09430362502493225,2.7429429255832667,1796.4245676109576
