,rmse,mean,median,std,min,max,sse
truth.txt,0.6503373941017686,0.5626695394578236,0.46236931330686265,0.32610077511928715,0.08315053778474041,1.5050589083652017,465.6555375099541
