,rmse,mean,median,std,min,max,sse
truth.txt,0.9308727225851007,0.7730017790044651,0.5744466245550119,0.5186446522513559,0.12384968076676657,1.9704633047001217,954.0429522439506
