,rmse,mean,median,std,min,max,sse
truth.txt,1.3845163242337593,1.1245062288284016,0.8474828983508712,0.8076949878486841,0.09873926549614973,3.1034035730442393,2110.4908827288054
