,rmse,mean,median,std,min,max,sse
truth.txt,0.8318841894954789,0.7205553492539906,0.5949201244474264,0.4157298322155982,0.07137315410111442,1.7668822292706887,761.9264665105374
