,rmse,mean,median,std,min,max,sse
truth.txt,1.261223298805922,0.9956146978403173,0.7444616688733108,0.7742322538458504,0.012905316174233745,2.997671736519197,1751.3433146054317
