,rmse,mean,median,std,min,max,sse
truth.txt,0.7154791948334767,0.6207377947481059,0.5439526820746342,0.3558020073170167,0.09274399882661456,1.7550452290215148,563.6134365417556
