,rmse,mean,median,std,min,max,sse
truth.txt,1.080390557765006,0.8745802223125013,0.6746426625695284,0.6343131655953522,0.07501432798146046,2.648272914502997,1285.1353767958667
