,rmse,mean,median,std,min,max,sse
truth.txt,1.1157858832319718,0.933234565533341,0.6919957773468853,0.6115974026380001,0.15100845551407377,2.3852390790961344,1370.7209290789465
