,rmse,mean,median,std,min,max,sse
truth.txt,6.016603328710091,5.632270255467376,5.5591623172897,2.1159034440216797,0.0,8.977829117400416,39855.66669216493
