,rmse,mean,median,std,min,max,sse
truth.txt,6.481621248913876,6.069323943710762,6.097777118801031,2.27480128377648,0.0,9.590285757335995,46254.56682982342
