,rmse,mean,median,std,min,max,sse
truth.txt,6.036172329892789,5.571756184075838,5.562608988863733,2.321833202746484,0.0,9.043538303784006,40115.34941217584
