,rmse,mean,median,std,min,max,sse
truth.txt,6.297496992488038,5.903301404120997,5.61439082097629,2.193057432558242,0.0,9.228467344926596,43663.97367580587
