,rmse,mean,median,std,min,max,sse
truth.txt,6.225354869134691,5.811666938704765,5.926826354423924,2.23149515801065,0.0,9.305918636378106,42669.302614571556
