,rmse,mean,median,std,min,max,sse
truth.txt,5.885926713041535,5.459503214253132,5.708290314850866,2.199535843048627,0.0,8.96518118376053,38143.19073169681
