,rmse,mean,median,std,min,max,sse
truth.txt,6.283185789894794,5.862757976687956,5.690831521213589,2.2597549816556683,0.0,9.231462805224012,43465.74446103978
