,rmse,mean,median,std,min,max,sse
truth.txt,6.6733238548438125,6.275223874840411,6.340434911148025,2.270422117638122,0.0,9.304465407481722,49031.10965006185
