,rmse,mean,median,std,min,max,sse
truth.txt,6.218046151738909,5.7607670961263775,5.637938923442138,2.3404402169982284,0.0,9.157741222775071,42569.17183761571
