,rmse,mean,median,std,min,max,sse
truth.txt,6.167390689169871,5.606830807942386,5.977144588383015,2.5690769167090615,0.0,9.378213112836875,41878.41541205799
