,rmse,mean,median,std,min,max,sse
truth.txt,6.062340466013851,5.686702830299921,5.540714121112123,2.100805285058068,0.0,8.89489592981157,40463.92109038182
