,rmse,mean,median,std,min,max,sse
truth.txt,6.40847558309964,6.027060543083175,5.9778407744898105,2.1778660448232814,0.0,9.46064564670366,45216.48378840188
