,rmse,mean,median,std,min,max,sse
truth.txt,6.6063689577608145,6.159860668628863,6.188118283588358,2.3875148898268423,0.0,9.708592585026164,48052.16599747834
