,rmse,mean,median,std,min,max,sse
truth.txt,6.2282820990397605,5.8174432383496715,5.633380414632003,2.2246015539414716,0.0,9.170004640404489,42709.439193646256
