,rmse,mean,median,std,min,max,sse
truth.txt,6.683461171801908,6.272263352130815,6.253958974613916,2.3081086795253922,0.0,9.79141595085136,49180.187211717086
