,rmse,mean,median,std,min,max,sse
truth.txt,6.175440840173436,5.65082273746814,6.009681340446422,2.4908376021320775,0.0,9.320796496848015,41987.81259710067
