,rmse,mean,median,std,min,max,sse
truth.txt,6.0660139877267145,5.647419174579432,5.662890836443448,2.2143130686261903,0.0,9.121329872630309,40512.974794925074
