,rmse,mean,median,std,min,max,sse
truth.txt,6.392980781033763,5.955052245824298,5.996636220520355,2.325415235214998,0.0,9.554885933133974,44998.09379660043
