,rmse,mean,median,std,min,max,sse
truth.txt,5.948432723127886,5.4817764254111845,5.612466476209253,2.309540881514075,0.0,9.113159193177474,38957.620899598085
