,rmse,mean,median,std,min,max,sse
truth.txt,6.343193717702922,5.926395821711845,6.128548514107371,2.261402021910788,0.0,9.39695417439959,44299.9533008767
