,rmse,mean,median,std,min,max,sse
truth.txt,6.114235776565807,5.75350253660001,5.602184234419308,2.069078947931791,0.0,9.0074744873117,41159.65092371244
