,rmse,mean,median,std,min,max,sse
truth.txt,6.121322734406708,5.67153629319674,5.632366788134589,2.30309967081683,0.0,9.083137246501108,41255.12181265963
