,rmse,mean,median,std,min,max,sse
truth.txt,6.72891876409484,6.279419626903712,6.2189332107868,2.4181060528943052,0.0,9.755282409838431,49851.460854900186
