,rmse,mean,median,std,min,max,sse
truth.txt,6.181490208157654,5.780559199415198,5.922680597776281,2.1899672453270327,0.0,9.245005471181587,42070.1141340974
