,rmse,mean,median,std,min,max,sse
truth.txt,6.00262524566818,5.566663646514949,5.888651658093298,2.245832960507498,0.0,9.083814097216806,39670.69233376621
