,rmse,mean,median,std,min,max,sse
truth.txt,6.1373803897979515,5.7094253292069075,5.690323127833182,2.251643945939734,0.0,9.13314511323452,41471.84929203318
