,rmse,mean,median,std,min,max,sse
truth.txt,6.4618986014336315,6.0588329891218535,5.976169079059311,2.246480880207679,0.0,9.536034159625169,45973.50302226613
