,rmse,mean,median,std,min,max,sse
truth.txt,6.458733301489314,6.049482997409633,6.0035196784899,2.2625188007658195,0.0,9.643753583364285,45928.47468160352
