,rmse,mean,median,std,min,max,sse
truth.txt,6.622815792924241,6.235606102272732,6.260633482546801,2.231346132787515,0.0,9.504271006938433,48291.71961873443
