,rmse,mean,median,std,min,max,sse
truth.txt,6.480127548292212,6.08043466537196,5.861825412943907,2.2406176207194797,0.0,9.352730714026286,46233.25039939133
