,rmse,mean,median,std,min,max,sse
truth.txt,6.46229388747942,6.032377430909413,6.179036443159822,2.3176852286729126,0.0,9.53615054038499,45979.127759257404
