,rmse,mean,median,std,min,max,sse
truth.txt,6.110437136071247,5.720583814970665,5.7563945930733915,2.1476412199839765,0.0,9.121353898204182,41108.52363526032
