,rmse,mean,median,std,min,max,sse
truth.txt,6.506332140286073,6.0545355882964875,6.2009113452349425,2.3822167680063977,0.0,9.700338508916957,46607.92606961123
