,rmse,mean,median,std,min,max,sse
truth.txt,6.325277356538345,5.884178566885736,5.978317517892594,2.320684431399335,0.0,9.267944566909291,44050.05613448753
