,rmse,mean,median,std,min,max,sse
truth.txt,6.161804699641013,5.72528598049932,5.8307842226420465,2.27792396668897,0.0,9.167842885738347,41802.588709326395
