,rmse,mean,median,std,min,max,sse
truth.txt,6.782132786354027,6.375016684379817,6.27700523988047,2.314408651387475,0.0,9.817182159128576,50643.0549700438
