,rmse,mean,median,std,min,max,sse
truth.txt,6.520066085906656,6.075801799222673,6.176946647204268,2.365564258512685,0.0,9.718479878083114,46804.89920281374
