,rmse,mean,median,std,min,max,sse
truth.txt,6.830632041653062,6.406489075788247,6.238170522683379,2.369479227649682,0.0,9.746434003116853,51369.94503139169
