,rmse,mean,median,std,min,max,sse
truth.txt,5.92012144748016,5.477119664502251,5.53563171089381,2.2469975820274786,0.0,8.921948353480046,38587.669586158954
