,rmse,mean,median,std,min,max,sse
truth.txt,6.351760727274256,5.909276690436968,5.938001683471093,2.3292302016764865,0.0,9.217965824840675,44419.69563453448
