,rmse,mean,median,std,min,max,sse
truth.txt,6.492882888617223,5.973246757779546,6.186023646487847,2.5451623476655616,0.0,9.605543381308916,46415.43855403347
