,rmse,mean,median,std,min,max,sse
truth.txt,0.8293095146772719,0.730689450661651,0.6037533924813846,0.39223360109254646,0.1484365826722819,1.8526355025032895,757.2174525188117
