,rmse,mean,median,std,min,max,sse
truth.txt,1.3108359027469416,1.0834650554508582,0.7466942442283837,0.7378307648419506,0.32781047276429104,3.155986959410928,1891.8381310873588
