,rmse,mean,median,std,min,max,sse
truth.txt,1.0227995549415507,0.8812597955879272,0.6993990125366796,0.5191339925962846,0.27815668111188097,2.398544817822485,1151.7769414770864
