,rmse,mean,median,std,min,max,sse
truth.txt,0.8904099035801916,0.7706226176475666,0.6254682649716242,0.44606118141315393,0.17296148335475292,1.770637450652706,872.9056058294484
