,rmse,mean,median,std,min,max,sse
truth.txt,1.178469016752154,0.9916048808661381,0.6637800135041519,0.6367958728566329,0.3825119831175703,2.890068616152009,1529.0569350127125
