,rmse,mean,median,std,min,max,sse
truth.txt,1.1034335592959754,0.9492340912343227,0.7262721676600873,0.5626013329340186,0.3156431363747479,2.513816055786114,1340.5397473784242
