,rmse,mean,median,std,min,max,sse
truth.txt,0.7619178499475949,0.6777899747309246,0.6101760240102865,0.34802235592418246,0.13633734010176501,1.5780707934265361,639.1512098857111
