,rmse,mean,median,std,min,max,sse
truth.txt,1.485493392744483,1.2144467110078492,0.8772319728280835,0.8554588277700639,0.17503401797332024,3.4198102651093465,2429.566372496154
