,rmse,mean,median,std,min,max,sse
truth.txt,1.1830656569731743,1.0042329780467913,0.745264891519533,0.6254282329033776,0.28981422996020295,2.647539207438788,1541.008427929015
