,rmse,mean,median,std,min,max,sse
truth.txt,1.2748592462112316,1.0863865057714341,0.735281832122679,0.667106031848014,0.45138825872722105,3.170030398172404,1789.4179735129467
