,rmse,mean,median,std,min,max,sse
truth.txt,0.89945526553613,0.7622603980980662,0.6036782449179882,0.47747131871144627,0.14165280584079665,1.944984805157059,890.7307719454377
