,rmse,mean,median,std,min,max,sse
truth.txt,1.1606582919174437,0.9880573794506725,0.6755171728933087,0.6089912031464723,0.36268773555534844,2.7523758011632204,1483.1875653269867
