,rmse,mean,median,std,min,max,sse
truth.txt,1.2621740079380521,1.0506731798155697,0.7255821841724303,0.6994062449897379,0.344391960242135,3.0070028907358526,1753.9846321721611
