,rmse,mean,median,std,min,max,sse
truth.txt,1.1160834265416648,0.9194175948494022,0.6554398834147337,0.6327033280158438,0.25318336041264283,2.682563093457522,1371.4520787160832
