,rmse,mean,median,std,min,max,sse
truth.txt,0.9209490983824888,0.7753038715009447,0.577841145050308,0.49704240125684007,0.15527049318554165,2.1157240517956204,933.8101132344825
