,rmse,mean,median,std,min,max,sse
truth.txt,1.3277469136914122,1.1147779248188914,0.79336517250436,0.7212364696502508,0.3911774125554544,3.192705292909921,1940.9659653655947
