,rmse,mean,median,std,min,max,sse
truth.txt,0.904009820539732,0.7872443530739569,0.6348787930120522,0.44438731325887953,0.24395176087369164,2.2371542634337884,899.7743649511385
