,rmse,mean,median,std,min,max,sse
truth.txt,0.6974769414616853,0.6129486225842198,0.5506251079657193,0.33281837380597645,0.1651921156012077,1.4936562874457329,535.6079663416926
