,rmse,mean,median,std,min,max,sse
truth.txt,1.0266475654187346,0.8902975572708778,0.6843206067988918,0.5112489443487614,0.24174528073238155,2.3471101366019136,1160.4597511618167
