,rmse,mean,median,std,min,max,sse
truth.txt,1.3162164507590868,1.0948346441677028,0.7928404376830742,0.7305907521855358,0.2467005793608091,3.035340774824139,1907.4007455189812
