,rmse,mean,median,std,min,max,sse
truth.txt,0.8763547474761725,0.7615197739664441,0.5869605465242942,0.43368799531705027,0.2764697127052016,2.083508238768692,845.5654054098526
