,rmse,mean,median,std,min,max,sse
truth.txt,1.4812963750962143,1.215008221754253,0.7963620810907858,0.8473452495546028,0.46484528245787604,3.6213749975814107,2415.8570849113758
