,rmse,mean,median,std,min,max,sse
truth.txt,1.031715628831286,0.880564948752755,0.6643037092428435,0.5376267383629594,0.2952207408638692,2.3656289384989257,1171.9452897909846
