,rmse,mean,median,std,min,max,sse
truth.txt,1.1061193558714115,0.9217739933068914,0.6180795626221465,0.6114186247543112,0.29779745272687635,2.65739235919327,1347.0735324061584
