,rmse,mean,median,std,min,max,sse
truth.txt,0.6788995507140747,0.6106072842807286,0.5420112241861393,0.2967546871459423,0.21093759153491318,1.4442737974948725,507.4559645557096
