,rmse,mean,median,std,min,max,sse
truth.txt,0.829306081007772,0.7178621887870782,0.5819681234427031,0.41523782812539467,0.18291534013118638,1.7236144162347373,757.2111821721129
