,rmse,mean,median,std,min,max,sse
truth.txt,1.001324890090416,0.8669464337752808,0.6539174964086425,0.5010543049200419,0.23920400254845345,2.391275884249511,1103.9193406015565
