,rmse,mean,median,std,min,max,sse
truth.txt,1.1339235839592945,0.9245419123798843,0.6641335558965492,0.656509669778015,0.20248664439331962,2.595602654855373,1415.6467463792596
