,rmse,mean,median,std,min,max,sse
truth.txt,0.7677682065496598,0.6712794206419961,0.5317927155107602,0.3726284455205039,0.23645918395336477,1.8244302535488965,649.0042889063177
