,rmse,mean,median,std,min,max,sse
truth.txt,1.594331493138443,1.293699231900191,0.9335937660693906,0.9317913969306181,0.36151540952482997,3.7906268710207742,2798.6240939243753
