,rmse,mean,median,std,min,max,sse
truth.txt,1.111018369672981,0.9501620706335381,0.6865517498763457,0.5758071354891289,0.2827917657992514,2.652859676632478,1359.03236134364
