,rmse,mean,median,std,min,max,sse
truth.txt,1.14657360966962,0.9730954030234104,0.6879074801914312,0.6063962227830321,0.3330870487744746,2.805520040628069,1447.4087776722954
