,rmse,mean,median,std,min,max,sse
truth.txt,1.4093257097589718,1.148576066793779,0.7263325352761135,0.8166835219203104,0.2974347174172576,3.3464540813085133,2186.80505076258
