,rmse,mean,median,std,min,max,sse
truth.txt,1.0508804049259794,0.8774432230645834,0.6574590058449662,0.5783104838712735,0.23552684997848933,2.484432674673919,1215.888937628587
