,rmse,mean,median,std,min,max,sse
truth.txt,1.1506917061969515,0.9538639200858496,0.6576560589725311,0.6436109264679301,0.23475611599763213,2.7592860113958313,1457.824634384207
