,rmse,mean,median,std,min,max,sse
truth.txt,1.3552716792758168,1.0932082791442979,0.6830821835383962,0.8010349449664822,0.17994484163801427,3.1846915613288624,2022.2742184364488
