,rmse,mean,median,std,min,max,sse
truth.txt,0.9170826697386283,0.7841063457790826,0.6068270220362614,0.475623655471323,0.20876534014539483,2.031556859977667,925.9857260715579
