,rmse,mean,median,std,min,max,sse
truth.txt,0.9994851757574205,0.8499118393044278,0.5991568171607202,0.5259472235586059,0.26630277398814706,2.333932956975172,1099.8666488312847
