,rmse,mean,median,std,min,max,sse
truth.txt,1.1087867032638745,0.9373618617642504,0.6152459769337186,0.5922505326672405,0.37936043015755677,2.775305265459044,1353.5781566215835
