,rmse,mean,median,std,min,max,sse
truth.txt,0.9700071703350901,0.8216388589733195,0.62011163309731,0.5155807365743119,0.18194862943491674,2.1416929634315385,1035.9462154621388
