,rmse,mean,median,std,min,max,sse
truth.txt,0.5537990720334784,0.5120639192908069,0.515515992216286,0.21091219676841777,0.1069940124251616,1.0440980313925359,337.6694468158411
