,rmse,mean,median,std,min,max,sse
truth.txt,2.3970744179848302,2.355227581206725,2.3726811001197756,0.44594708887987294,1.7535730185956664,3.187554652749018,45.9677261228585
