,rmse,mean,median,std,min,max,sse
truth.txt,2.3526634862765716,2.3226844806847664,2.297078843597191,0.3743825354435861,1.7889059984974651,3.0426558485574424,44.28020383727225
