,rmse,mean,median,std,min,max,sse
truth.txt,2.4347345136882113,2.3932237831296517,2.3714377816538637,0.44767407341409415,1.831601889132228,3.3182321848346907,47.42345721715656
