,rmse,mean,median,std,min,max,sse
truth.txt,2.4116041185435044,2.3739938376828116,2.3596019104598533,0.4242495529992079,1.8274180532931277,3.1864705642957682,46.52667539660794
