,rmse,mean,median,std,min,max,sse
truth.txt,2.349800069861905,2.3016531823304818,2.313530807730447,0.4732367236288602,1.6970696028736214,3.266379242001559,44.1724829465841
