,rmse,mean,median,std,min,max,sse
truth.txt,2.404123194481268,2.3589349529526986,2.3336951929370175,0.4639334240824507,1.7345878906080634,3.3096110155148484,46.23846667394254
