,rmse,mean,median,std,min,max,sse
truth.txt,2.414941201176721,2.3764151720633757,2.3624401312671477,0.42964163570103286,1.816681342716301,3.2804614376275363,46.655528041126914
