,rmse,mean,median,std,min,max,sse
truth.txt,2.428517299734999,2.3853897839641998,2.3803285903818594,0.4556444377707244,1.7952343463972558,3.277992566339029,47.18157020089737
