,rmse,mean,median,std,min,max,sse
truth.txt,2.3862956908790345,2.3503225828385674,2.317275971661222,0.4127843031256073,1.8097253313869885,3.163736895947833,45.55525699446278
