,rmse,mean,median,std,min,max,sse
truth.txt,2.39186424108068,2.350674117490633,2.2567966593409503,0.44197934467584404,1.769456606894342,3.2558901182022586,45.76811638208365
