,rmse,mean,median,std,min,max,sse
truth.txt,2.4099140470909073,2.3750810009805567,2.399644133499568,0.4082596638749308,1.8856379881172622,3.1567691741047725,46.4614857149286
