,rmse,mean,median,std,min,max,sse
truth.txt,2.38446935458329,2.3435441745428855,2.2671419998510283,0.43988044388556014,1.7365619549304165,3.2539432641307915,45.48555282357482
