,rmse,mean,median,std,min,max,sse
truth.txt,2.3667948275564297,2.3335567999874876,2.2996470947871397,0.39525993596623105,1.7724474994842807,3.1208066534516856,44.81374204598296
