,rmse,mean,median,std,min,max,sse
truth.txt,2.385836054985343,2.3533174151044802,2.368716928597537,0.39256951618024355,1.8123838438830233,3.092964596202121,45.53770945014419
