,rmse,mean,median,std,min,max,sse
truth.txt,2.3490489988694847,2.3034246709797124,2.296356077850526,0.4607233271842572,1.6490366205975318,3.2357206439250317,44.144249592717834
