,rmse,mean,median,std,min,max,sse
truth.txt,2.3410077501933237,2.311926278489091,2.3223908423741237,0.36785074323262007,1.8075161956379924,3.0201764545188916,43.84253829172166
