,rmse,mean,median,std,min,max,sse
truth.txt,2.3687188691890384,2.331484163127543,2.2991538449509585,0.41834277612701404,1.6924782129969091,3.132816414792228,44.88663265001758
