,rmse,mean,median,std,min,max,sse
truth.txt,2.392961886894242,2.3552764191332782,2.3986152587678733,0.42301250762025444,1.7500029212244044,3.1500736037687807,45.810132737027615
