,rmse,mean,median,std,min,max,sse
truth.txt,2.426967897454901,2.3871479041546007,2.3643682821507253,0.43783336895097325,1.8849921298883276,3.3312027691554973,47.12138540221329
