,rmse,mean,median,std,min,max,sse
truth.txt,2.3829371605814673,2.3447305121449977,2.2964794516577927,0.4250039255069571,1.778010306146229,3.1987384238312453,45.427116090240524
