,rmse,mean,median,std,min,max,sse
truth.txt,2.3755840768142433,2.333104280241786,2.315112253002333,0.4472405656141197,1.7312906184561847,3.2370883756811635,45.147197648107046
