,rmse,mean,median,std,min,max,sse
truth.txt,2.3645447894231357,2.3338678431369635,2.366324534942806,0.37964845839186584,1.81890864658313,3.0764468061765258,44.7285764895048
