,rmse,mean,median,std,min,max,sse
truth.txt,2.400351051710284,2.3612432990532355,2.375850621049434,0.4315266551707558,1.7976425524486461,3.165132536181224,46.09348137157335
