,rmse,mean,median,std,min,max,sse
truth.txt,2.394529938152841,2.3584763986931208,2.332086468706664,0.4139597824883176,1.8114168820205079,3.199172058830638,45.870188997681986
