,rmse,mean,median,std,min,max,sse
truth.txt,2.394253881994202,2.359386986566135,2.3641505369348152,0.4071175494457087,1.8704003704019379,3.1408888688759697,45.859613211554446
