,rmse,mean,median,std,min,max,sse
truth.txt,2.390072781067364,2.3563369233216016,2.394326190171328,0.4001552231201957,1.7553977454834675,3.0413032616638693,45.69958319039267
