,rmse,mean,median,std,min,max,sse
truth.txt,2.383195471708914,2.3434257414478594,2.2463493696989403,0.4335625107103036,1.7561774144574607,3.262378131190454,45.43696525099098
