,rmse,mean,median,std,min,max,sse
truth.txt,2.3601562056416863,2.320925491802658,2.317562485112119,0.4285349186817236,1.7363151897401206,3.2072476149288027,44.56269852023169
