,rmse,mean,median,std,min,max,sse
truth.txt,2.400017119102162,2.3568243639329145,2.3391253419569007,0.45327815914254316,1.857462821960637,3.306992079707868,46.080657375867524
