,rmse,mean,median,std,min,max,sse
truth.txt,2.337191275564979,2.3079359209763317,2.309716491355342,0.36863917757637293,1.7866284148870595,3.0117782002389775,43.699704468616424
