,rmse,mean,median,std,min,max,sse
truth.txt,2.374476943453541,2.335912519505752,2.2847861529498434,0.4262082310429497,1.838923000580477,3.2540335522815997,45.105126039939776
