,rmse,mean,median,std,min,max,sse
truth.txt,2.407337559039477,2.3635754579111428,2.342175089275979,0.4569301674460533,1.7228241473647075,3.29306797127279,46.362192985297185
