,rmse,mean,median,std,min,max,sse
truth.txt,2.371616654976301,2.3364594580345943,2.353912752617121,0.4068448833667076,1.7208640445232777,3.0313086855585207,44.99652446528784
