,rmse,mean,median,std,min,max,sse
truth.txt,2.3753371072801928,2.335794865529507,2.3533202423797377,0.43161176928835754,1.8086822864151275,3.1832318129226747,45.137810985777875
