,rmse,mean,median,std,min,max,sse
truth.txt,2.408728741308318,2.36607907288525,2.3550997227124997,0.451269287742063,1.7536610626762652,3.2860208851969985,46.415793193638024
