,rmse,mean,median,std,min,max,sse
truth.txt,2.3379601796335274,2.3033723670515163,2.266323252949783,0.40066637025776425,1.7579789034883053,3.063591162284848,43.72846241241629
