,rmse,mean,median,std,min,max,sse
truth.txt,2.3890558977699605,2.344187268224701,2.3581166234972857,0.46084068197441636,1.773691382402857,3.259725586369183,45.66070466135545
