,rmse,mean,median,std,min,max,sse
truth.txt,2.3679073794591616,2.3296998213323894,2.3558865030003426,0.423655638674842,1.7109701138920073,3.1893269020805253,44.855882861577236
