,rmse,mean,median,std,min,max,sse
truth.txt,2.413826449769976,2.3660873642495486,2.3458618996701475,0.47769102393466817,1.7646701994117817,3.3269859119595164,46.61246503687302
