,rmse,mean,median,std,min,max,sse
truth.txt,2.4001328655397147,2.3641886947294557,2.4014779920173153,0.4138231360826944,1.811603958318659,3.139656685570182,46.085102177951065
