,rmse,mean,median,std,min,max,sse
truth.txt,2.313451489532221,2.2794164482503394,2.234179299666181,0.3953712810317159,1.75476681677277,3.023924751831843,42.816462355350815
