,rmse,mean,median,std,min,max,sse
truth.txt,0.5450402320503912,0.514230134612439,0.5009179860709067,0.18065498390583387,0.18708940627486464,0.7896113105494427,2.6736196909818988
