,rmse,mean,median,std,min,max,sse
truth.txt,0.5967230350950803,0.5622665119132537,0.5590804111960544,0.19983680890663608,0.2317204470599575,0.7997026758818181,3.20470542551776
