,rmse,mean,median,std,min,max,sse
truth.txt,0.6187925516133035,0.5767669156168937,0.6583088931961358,0.22415206218520004,0.20027996355500113,0.8277486152412191,3.4461379973889255
