,rmse,mean,median,std,min,max,sse
truth.txt,0.5978209337119765,0.5593442932358248,0.6083604137540929,0.21100670702320148,0.16318946490654396,0.8587856031274925,3.2165088190583355
