,rmse,mean,median,std,min,max,sse
truth.txt,0.6310364111936791,0.5953646337560241,0.6870180686566839,0.209159998863916,0.23989474069653718,0.8324620123833443,3.5838625702697833
