,rmse,mean,median,std,min,max,sse
truth.txt,0.5579345426105451,0.5147898207495085,0.5285121526415676,0.21513343368878526,0.177815055091482,0.8628736252209732,2.8016185845423434
