,rmse,mean,median,std,min,max,sse
truth.txt,0.5711002588529012,0.5388775990305453,0.5967777943357403,0.1891201705924715,0.24138029634519687,0.7732605378716121,2.9353995509566566
