,rmse,mean,median,std,min,max,sse
truth.txt,0.5305376028801717,0.483823271048199,0.5257429961285305,0.2176813966834548,0.10675885465760644,0.7875786131754472,2.533231332628549
