,rmse,mean,median,std,min,max,sse
truth.txt,0.5449019394589822,0.5082209524694856,0.5713839929049805,0.19654410980024106,0.15387901286316405,0.7770825262917609,2.6722631126354432
