,rmse,mean,median,std,min,max,sse
truth.txt,0.6127305878691264,0.569142438295234,0.6770774867263621,0.22697061096494608,0.2316559205949143,0.8114483728908859,3.3789489597940072
