,rmse,mean,median,std,min,max,sse
truth.txt,0.5225533882167294,0.49828631967033943,0.5528868753876497,0.1573937329316904,0.2346335978948386,0.7093047812176736,2.4575583918310553
