,rmse,mean,median,std,min,max,sse
truth.txt,0.5179324930692669,0.48292805328291677,0.45431973778558227,0.18717521932488426,0.13487958113850113,0.7253271274352415,2.4142866063925164
