,rmse,mean,median,std,min,max,sse
truth.txt,0.5817713669369781,0.5394785633599043,0.6290869731685885,0.21776318114606433,0.0546278210712202,0.7921843602838174,3.0461213104894798
