,rmse,mean,median,std,min,max,sse
truth.txt,0.5996583780070186,0.5506484943589707,0.6521874967046378,0.2374371621591846,0.17703682612087332,0.7974806918326144,3.2363115328260754
