,rmse,mean,median,std,min,max,sse
truth.txt,0.5510133430351306,0.5067883622974835,0.6397798214337947,0.21628975944918208,0.10903495757356281,0.724074237007728,2.7325413378247547
