,rmse,mean,median,std,min,max,sse
truth.txt,0.5629577650402704,0.5380316197862077,0.6309451567624211,0.16566056057301598,0.26302940891577714,0.7132880676245847,2.8522930069722263
