,rmse,mean,median,std,min,max,sse
truth.txt,0.526725546560675,0.47783765361496744,0.4837266061643733,0.2216099686101334,0.22198706309094096,0.9180399132514212,2.496958212596777
