,rmse,mean,median,std,min,max,sse
truth.txt,0.5725777675558852,0.5225140191417474,0.5649839766028326,0.2341461075901515,0.15226211698092423,0.9231358418139513,2.9506076990935313
