,rmse,mean,median,std,min,max,sse
truth.txt,0.5597227456713901,0.5173858595045622,0.6112961487353933,0.21354490021221548,0.062415306984550986,0.7504130565759418,2.8196059681972767
