,rmse,mean,median,std,min,max,sse
truth.txt,0.5385418534389991,0.46851079953217556,0.5301648105381908,0.26556535660216285,0.06190784965273846,0.9586186320643868,2.610245951149611
