,rmse,mean,median,std,min,max,sse
truth.txt,0.5466517900771413,0.5196263291533825,0.5855622249628656,0.16975469844785915,0.2497843075417203,0.7348428157671129,2.6894536163508866
