,rmse,mean,median,std,min,max,sse
truth.txt,0.5949400052035808,0.5623257619532767,0.6540689199147941,0.19427647113148688,0.2507769933134566,0.8196762530051167,3.18558248812473
