,rmse,mean,median,std,min,max,sse
truth.txt,0.5444643668052533,0.49923502304478135,0.600531075525329,0.2172690463138321,0.15699184980060285,0.7726290333540077,2.667973020485809
