,rmse,mean,median,std,min,max,sse
truth.txt,0.560911918960393,0.5206032116585849,0.6041292347280802,0.20879290419599306,0.18110644978698956,0.7806757234030516,2.8315996274864745
