,rmse,mean,median,std,min,max,sse
truth.txt,0.6233373733354172,0.5857319754883128,0.6270228680298296,0.21323117475466807,0.2601461861680379,0.8493154517622409,3.4969453289702748
