,rmse,mean,median,std,min,max,sse
truth.txt,0.6252594072820775,0.589993341154064,0.6676738528787076,0.20701976666154195,0.1993967654841838,0.7959681906782027,3.5185439375526144
