,rmse,mean,median,std,min,max,sse
truth.txt,0.5919990166692033,0.5592742350435373,0.6743940554670212,0.19410091641661495,0.22723499178908468,0.796553831085906,3.1541655216357323
