,rmse,mean,median,std,min,max,sse
truth.txt,0.5557415599360892,0.5101786704765545,0.5468308736345949,0.22037787010263288,0.1209362914333832,0.8348149780769194,2.7796381329617805
