,rmse,mean,median,std,min,max,sse
truth.txt,0.5590805694889148,0.5242189246068389,0.5760260825124728,0.19433373938690798,0.2121428245915739,0.7621585112255116,2.8131397486204435
