,rmse,mean,median,std,min,max,sse
truth.txt,0.5647102020815471,0.5239425148170811,0.5568598672042395,0.21067001092261473,0.17145816629867158,0.8504184194648928,2.8700785110148366
