,rmse,mean,median,std,min,max,sse
truth.txt,0.6347775911118051,0.6034016002017074,0.7208567196751396,0.19710174796719765,0.31392383944423263,0.8771385897136086,3.6264833115993533
