,rmse,mean,median,std,min,max,sse
truth.txt,0.5620654790509753,0.5163635803741101,0.5855693879831064,0.22200508013113654,0.13741914233136215,0.8133935523747151,2.843258424667221
