,rmse,mean,median,std,min,max,sse
truth.txt,0.5779430707236453,0.5404752246097065,0.6161935795781578,0.20470643512250356,0.2027033315243517,0.7796062313764685,3.0061637369772884
