,rmse,mean,median,std,min,max,sse
truth.txt,0.5594917977958936,0.5228991683549692,0.5578364295618746,0.1990164102142403,0.2613176015149088,0.9106707801229089,2.8172796462079304
