,rmse,mean,median,std,min,max,sse
truth.txt,0.6480921176427783,0.6175108499135608,0.724195997173992,0.19673266935039696,0.28392048099370387,0.8248803669868787,3.780210536556307
