,rmse,mean,median,std,min,max,sse
truth.txt,0.5791795673603055,0.5444570815198704,0.6618882967421718,0.19752330908157617,0.2216050108268248,0.753438141469015,3.019040741229036
