,rmse,mean,median,std,min,max,sse
truth.txt,0.5946084792482799,0.5654126975647864,0.6340567332201391,0.18403185872686137,0.19707191389732298,0.7590945521853777,3.182033192345569
