,rmse,mean,median,std,min,max,sse
truth.txt,0.5292608358566259,0.4989861413243588,0.5350888434367894,0.17643656972941105,0.1821894956201597,0.7169165790953975,2.5210532913448884
