,rmse,mean,median,std,min,max,sse
truth.txt,0.5348456923111685,0.4931396225625049,0.5187852557403015,0.2070585116403656,0.18043439171657685,0.7769076107954592,2.574539231254319
