,rmse,mean,median,std,min,max,sse
truth.txt,0.6330737697054253,0.5926229020298526,0.7230103188306871,0.22266677767182436,0.2222458635063154,0.8071504035775577,3.607041581001341
