,rmse,mean,median,std,min,max,sse
truth.txt,0.5391081903689512,0.5051807913839176,0.5680426616937545,0.18822860818590792,0.17083435876475178,0.713091951948544,2.6157387683059676
