,rmse,mean,median,std,min,max,sse
truth.txt,2.4172671165814874,2.3778379590081014,2.3824623318789815,0.4348182995302338,1.7482286710530466,3.1720886608891052,46.74544250324942
