,rmse,mean,median,std,min,max,sse
truth.txt,2.4247711307561706,2.38563566911181,2.385638027866032,0.4338864953072447,1.7644487071644404,3.2045362124660497,47.03612029238846
