,rmse,mean,median,std,min,max,sse
truth.txt,2.4217645392096876,2.381572732293056,2.378393694578876,0.4393800224995418,1.7509936912194184,3.1288437988040423,46.91954786698808
