,rmse,mean,median,std,min,max,sse
truth.txt,2.4718566849871055,2.424734846541467,2.370956460090608,0.4803502837336251,1.7412817749839593,3.273200450752806,48.88060376892355
