,rmse,mean,median,std,min,max,sse
truth.txt,2.4838408502721787,2.4360398252117634,2.3948534382254127,0.48494880086774145,1.8012111444231425,3.350592439278671,49.35572295584656
