,rmse,mean,median,std,min,max,sse
truth.txt,2.4329866573537355,2.3883770128903317,2.36278028180656,0.4637664489356255,1.8092242164586037,3.2278394816173774,47.35539259889042
