,rmse,mean,median,std,min,max,sse
truth.txt,2.453105431038604,2.40901517179381,2.4330209514920895,0.46300341020162533,1.7895710127011761,3.203645834835751,48.14181004632875
