,rmse,mean,median,std,min,max,sse
truth.txt,2.4539979899525055,2.4113460640556896,2.4499896718706173,0.455539563653997,1.7716718886508052,3.1772227401574424,48.17684907752751
