,rmse,mean,median,std,min,max,sse
truth.txt,2.44581860358625,2.3993504015424807,2.3612415865440504,0.4744958295565183,1.714517150423523,3.2312862042302566,47.85622913318874
