,rmse,mean,median,std,min,max,sse
truth.txt,2.43421987350615,2.3894097677970847,2.378574470723507,0.4649165023186218,1.7571697023561794,3.1411356747998753,47.40341114057839
