,rmse,mean,median,std,min,max,sse
truth.txt,2.4724121689721925,2.424713112182741,2.439501627397062,0.48330969045826894,1.8140462632877412,3.3056687856036375,48.902575466254255
