,rmse,mean,median,std,min,max,sse
truth.txt,2.4614475419504562,2.419220784593246,2.4084011515495893,0.4539766482606585,1.7936901994315821,3.1781604125033582,48.46979201419154
