,rmse,mean,median,std,min,max,sse
truth.txt,2.4114703780854474,2.371919278773556,2.31579340773861,0.43495783630819257,1.7767545312416442,3.169379228492387,46.521515075068564
