,rmse,mean,median,std,min,max,sse
truth.txt,2.4679762666749347,2.4141447209547584,2.3383414239445672,0.5126520449164536,1.7403173365886073,3.4236341334248803,48.72725482296599
