,rmse,mean,median,std,min,max,sse
truth.txt,2.4252256068397373,2.38238651402375,2.3358387342507014,0.4538212664352974,1.7601050422251165,3.1913388080890672,47.05375395256937
