,rmse,mean,median,std,min,max,sse
truth.txt,2.446097647823571,2.4052910044496376,2.3831226919363964,0.4449369467707325,1.8201166230322134,3.1569767963169437,47.86714962150406
