,rmse,mean,median,std,min,max,sse
truth.txt,2.468455805490469,2.416463268579749,2.3916873407699746,0.5039636249417988,1.7110655808396045,3.328374764213252,48.7461925092768
