,rmse,mean,median,std,min,max,sse
truth.txt,2.424166428918522,2.3840776563651347,2.3709353016158126,0.4390405488290438,1.8099413605305186,3.1724132852975266,47.01266300076463
