,rmse,mean,median,std,min,max,sse
truth.txt,2.4660613397662665,2.4246035257171643,2.4664319008838698,0.4502846594874063,1.8302812946882394,3.172688096646808,48.65166825191835
