,rmse,mean,median,std,min,max,sse
truth.txt,2.437572649929063,2.398244118050666,2.4294215759729014,0.4361027102846002,1.759227834917524,3.13910422044992,47.53408338945755
