,rmse,mean,median,std,min,max,sse
truth.txt,2.4904178761459623,2.437495994882892,2.3850108409447035,0.510680401775148,1.794452504488316,3.465458534934547,49.61744958261892
