,rmse,mean,median,std,min,max,sse
truth.txt,2.4201318911848655,2.379587143255382,2.3388775931746286,0.4411387518499418,1.7548875841326095,3.165541356534964,46.856306965840275
