,rmse,mean,median,std,min,max,sse
truth.txt,2.438588262254167,2.3982082187424374,2.380151474329913,0.4419389690443949,1.762469641356531,3.113223571947153,47.57370170243038
