,rmse,mean,median,std,min,max,sse
truth.txt,2.426480663959123,2.3818097220064876,2.368265087364689,0.46345534922243187,1.702807217394128,3.192105714939938,47.102467300540056
