,rmse,mean,median,std,min,max,sse
truth.txt,2.481171919974734,2.4325695944089523,2.4314348546161106,0.4886913799405242,1.7466661547400621,3.282153862678085,49.24971277176887
