,rmse,mean,median,std,min,max,sse
truth.txt,2.401304400707564,2.3572570883707096,2.33530668963052,0.457822939774276,1.7315270879122902,3.2023552112177165,46.13010259886011
