,rmse,mean,median,std,min,max,sse
truth.txt,2.429758885189381,2.384681851219844,2.3741997512438937,0.465854814957882,1.687677192620045,3.2024470736200694,47.22982592125395
