,rmse,mean,median,std,min,max,sse
truth.txt,2.4487995961750038,2.4019075921055477,2.3977940470069043,0.47692701874877225,1.7818792938162336,3.251778257655457,47.97295569781489
