,rmse,mean,median,std,min,max,sse
truth.txt,2.446273439137711,2.4004749962410665,2.3692918133877336,0.4711406705561456,1.7970546316433815,3.273679632282239,47.87402991224515
