,rmse,mean,median,std,min,max,sse
truth.txt,2.478384131011658,2.431075474908887,2.376790114442897,0.48193353913889486,1.7784569085212798,3.4311066978078957,49.1391032068033
