,rmse,mean,median,std,min,max,sse
truth.txt,2.439250756100614,2.3941052824256794,2.3251121785817026,0.4671232683124171,1.8222462399570936,3.349450296974857,47.599554009099336
