,rmse,mean,median,std,min,max,sse
truth.txt,2.479936062773487,2.4324598398222905,2.419671059750097,0.4829306400469749,1.7047287815771626,3.1876060635935866,49.20066300355572
