,rmse,mean,median,std,min,max,sse
truth.txt,2.4390993052139844,2.3950397069580474,2.4029888740656498,0.46150863782777984,1.7768244719738284,3.2683232109454337,47.59364336556274
