,rmse,mean,median,std,min,max,sse
truth.txt,2.441247187437916,2.3952317664291725,2.3478408750222033,0.471754825372377,1.7607538275525823,3.213899378606327,47.67750264138828
