,rmse,mean,median,std,min,max,sse
truth.txt,2.45760647148275,2.416540812244655,2.3769527783962925,0.4473925250044281,1.830967493193667,3.2007662749548826,48.318636549391144
