,rmse,mean,median,std,min,max,sse
truth.txt,2.4552341626164527,2.4100811637438104,2.374900403918922,0.4687041470332777,1.7556019937854581,3.176042273040035,48.2253983462313
