,rmse,mean,median,std,min,max,sse
truth.txt,2.435453981621062,2.390315798505348,2.3936078671127348,0.46671884471234626,1.766247466193533,3.2280747703212582,47.451488772751084
