,rmse,mean,median,std,min,max,sse
truth.txt,2.4527436220744296,2.4111729784621145,2.361767518175644,0.44966225498803886,1.842112982554008,3.2641903717897844,48.12761020501434
