,rmse,mean,median,std,min,max,sse
truth.txt,2.4259306102192735,2.378254528493659,2.3018643147572497,0.47858617123592095,1.7396566548957497,3.275646894491262,47.08111460479085
