,rmse,mean,median,std,min,max,sse
truth.txt,2.4271503147242477,2.385293589346882,2.3598456579557348,0.44881303778598436,1.703568297530371,3.098236702735905,47.12846920212812
