,rmse,mean,median,std,min,max,sse
truth.txt,2.410717685201404,2.372973722933101,2.3234949607200237,0.4249181897869704,1.7765689988065323,3.146044612445285,46.492478061942535
