,rmse,mean,median,std,min,max,sse
truth.txt,0.5233083698125465,0.48806179209396916,0.4411859675042621,0.18880502380468644,0.22952676062052801,0.766691937648786,2.464664849242784
