,rmse,mean,median,std,min,max,sse
truth.txt,0.5341979272214559,0.4907131496933894,0.4138712312935364,0.2111114164740813,0.20311890132684696,0.8383924393156724,2.5683068290292987
