,rmse,mean,median,std,min,max,sse
truth.txt,0.5372910860245274,0.48601324006835356,0.4829255654195454,0.22906951259317998,0.20716313202799877,0.8518192000929188,2.598135400092745
