,rmse,mean,median,std,min,max,sse
truth.txt,0.512095682171578,0.4554695073507981,0.38629463583290036,0.23407160351566594,0.16807342962802127,0.8670074714192969,2.3601778892889644
