,rmse,mean,median,std,min,max,sse
truth.txt,0.5464642849559063,0.49300294406258544,0.350642390354876,0.2357356822332867,0.250233292159661,0.9784400654274745,2.6876089325913295
