,rmse,mean,median,std,min,max,sse
truth.txt,0.5193887345849757,0.46628892118636744,0.35669013128882443,0.22877783894563727,0.1775191953944964,0.9187131145279507,2.427881918524041
