,rmse,mean,median,std,min,max,sse
truth.txt,0.5221807491097644,0.4777345557749027,0.35671269873369843,0.21081373048117896,0.23681425911026835,0.8334017349775104,2.4540546126675125
