,rmse,mean,median,std,min,max,sse
truth.txt,0.5377267594421812,0.48730831233308003,0.4087212642287128,0.22733384383165361,0.17862160309516975,0.8344559185519826,2.6023506103817042
