,rmse,mean,median,std,min,max,sse
truth.txt,0.5749012908157352,0.52102785300651,0.5011381187715985,0.24298450685799924,0.119932533251438,0.9204794717259493,2.974603447634386
