,rmse,mean,median,std,min,max,sse
truth.txt,0.5261632723994443,0.4838105744193339,0.4433171353980826,0.20682146238271745,0.20026999972655804,0.850587644779432,2.4916301029988257
