,rmse,mean,median,std,min,max,sse
truth.txt,0.519206049251276,0.47692974389526327,0.3908622958091781,0.20521437807112106,0.22372081288798332,0.8090715946126432,2.426174294212066
