,rmse,mean,median,std,min,max,sse
truth.txt,0.5421199782850442,0.49691497559579795,0.39456630218767713,0.2167246591516626,0.21077594125921936,0.8465946897569756,2.645046637701991
