,rmse,mean,median,std,min,max,sse
truth.txt,0.5223885981075522,0.4837571983915969,0.3605865215012402,0.19715177005821408,0.2741748857950311,0.8582718015810857,2.4560086268949637
