,rmse,mean,median,std,min,max,sse
truth.txt,0.5029141531142738,0.4595903502570952,0.4063838997316751,0.20420420013605928,0.18657995468520272,0.8839879454789893,2.2763038086238248
