,rmse,mean,median,std,min,max,sse
truth.txt,0.5547916589337875,0.5132664601406548,0.40759283005410984,0.21059754442344658,0.1277043149206173,0.7728478188825962,2.770144063402536
