,rmse,mean,median,std,min,max,sse
truth.txt,0.4997765320887044,0.4489207713796024,0.4281936403176291,0.21965136705824198,0.15864105563861386,0.8403803489064673,2.247989238239506
