,rmse,mean,median,std,min,max,sse
truth.txt,0.536017112032525,0.4904110768092903,0.38277317766029684,0.21635923861587453,0.19672476827671762,0.8055257243785411,2.585829099525196
