,rmse,mean,median,std,min,max,sse
truth.txt,0.5449905507039398,0.5018559546392366,0.40163312829217723,0.21249776739938725,0.20323376942709537,0.856116695869916,2.6731323032092518
