,rmse,mean,median,std,min,max,sse
truth.txt,0.5588159060930841,0.5080775552648956,0.4071159496131504,0.23266373748111582,0.21931099293674863,0.9075968336486688,2.8104769521237114
