,rmse,mean,median,std,min,max,sse
truth.txt,0.519561986919494,0.4768886878147796,0.38609266744909737,0.20620823864732007,0.18636189284732416,0.8048424480983077,2.4295019242655918
