,rmse,mean,median,std,min,max,sse
truth.txt,0.5736866067883519,0.5277593781645716,0.4646125501320092,0.22491412042750417,0.20162559091704604,0.8066765655290227,2.962046905274998
