,rmse,mean,median,std,min,max,sse
truth.txt,0.5215561404708619,0.47194575744355355,0.43306782496576035,0.2220090306584215,0.21658742712219198,0.8952819776915847,2.4481872689657522
