,rmse,mean,median,std,min,max,sse
truth.txt,0.5955455788679368,0.5477897102970883,0.4520098208539172,0.2336685040859763,0.22120790950930225,0.9505536285583837,3.1920708285823136
