,rmse,mean,median,std,min,max,sse
truth.txt,0.5096515275350351,0.47523104713446984,0.3745967256532534,0.18411988311496955,0.2730785278043191,0.7797780573258152,2.3377021156691518
