,rmse,mean,median,std,min,max,sse
truth.txt,0.550960170195611,0.49980028530512666,0.4124153670981603,0.2318550925705337,0.1671443708517491,0.8661215152629425,2.732013982277791
