,rmse,mean,median,std,min,max,sse
truth.txt,0.5513636582242516,0.49803153445092563,0.42042269498156415,0.23657234475501515,0.15534774783883873,0.7898867566754914,2.7360169524938636
