,rmse,mean,median,std,min,max,sse
truth.txt,0.6197418381612021,0.5611396732634981,0.471687584771972,0.26306313511619256,0.19104491802909992,0.967403375257093,3.456719513706831
