,rmse,mean,median,std,min,max,sse
truth.txt,0.5410640028814396,0.4896287077653765,0.45153585475552527,0.23024765741716935,0.16849353290834868,0.9137141453725294,2.634752296926779
