,rmse,mean,median,std,min,max,sse
truth.txt,0.5208534518964502,0.48573277273408777,0.4392320144623672,0.18802125370420988,0.2571177201582175,0.8215412385987922,2.4415948651720294
