,rmse,mean,median,std,min,max,sse
truth.txt,0.5209289661393788,0.48743213175766453,0.41226900087668344,0.18378494142127322,0.29590260750108743,0.8416742123399602,2.442302889867378
