,rmse,mean,median,std,min,max,sse
truth.txt,0.5801240034296251,0.5308139863249296,0.5691053542850367,0.2340520695850672,0.19394688917780772,0.9421846909570413,3.0288947341969417
