,rmse,mean,median,std,min,max,sse
truth.txt,0.5332389777954838,0.4868787029607765,0.3977130518084278,0.21746939104987745,0.20431112915121577,0.8529027486222438,2.5590942669633523
