,rmse,mean,median,std,min,max,sse
truth.txt,0.5250458576020084,0.47352093131402867,0.4320278725222523,0.2268283055364199,0.2311725741489984,0.8197933721175288,2.4810583732652565
