,rmse,mean,median,std,min,max,sse
truth.txt,0.5024084163451839,0.4583691884360561,0.36641474077218006,0.2056985753644075,0.2269161592241987,0.8273247738091772,2.27172795133028
