,rmse,mean,median,std,min,max,sse
truth.txt,0.5334758688657713,0.49387167783791003,0.3647242792225507,0.20171085367837088,0.2642053930551459,0.8431666071934157,2.5613685239588055
