,rmse,mean,median,std,min,max,sse
truth.txt,0.5698206386624959,0.5110357417050695,0.4308019507786338,0.2520675126740536,0.12615914121255625,0.8802437109384793,2.922260042211612
