,rmse,mean,median,std,min,max,sse
truth.txt,0.5440864291426315,0.4992597529987177,0.42327632663172826,0.21626313003570238,0.21139699032559178,0.823133476130494,2.664270381394618
