,rmse,mean,median,std,min,max,sse
truth.txt,0.5338593187895465,0.490543506513589,0.3950817272948356,0.21064861849960265,0.25729331911204223,0.8502764020886225,2.5650519503259486
