,rmse,mean,median,std,min,max,sse
truth.txt,0.522287532072936,0.4722234072753384,0.4453228275306532,0.2231352051562193,0.15047598630761186,0.7950920541665996,2.4550583954295435
