,rmse,mean,median,std,min,max,sse
truth.txt,0.5591426853292175,0.496164201102399,0.410360960501327,0.2578015285090188,0.1220731165572343,0.9371315046856649,2.8137648830145148
