,rmse,mean,median,std,min,max,sse
truth.txt,0.525642936003998,0.4756354444342541,0.33984390657819696,0.2237664411137934,0.23154941347558072,0.8975991235795056,2.486704465538128
