,rmse,mean,median,std,min,max,sse
truth.txt,1.3933306519059627,1.3739994589713278,1.3280540276691288,0.23129157418114835,0.8005144919240905,1.7517231620681504,44.65151702743598
