,rmse,mean,median,std,min,max,sse
truth.txt,1.347322113181613,1.3288445151028565,1.3645271410764026,0.22237160643666073,0.730411069076166,1.794183339722657,41.75136816336786
