,rmse,mean,median,std,min,max,sse
truth.txt,1.376270333293705,1.3596805109322374,1.3397212260209361,0.21304679883869548,0.8157410585992063,1.773011720371838,43.56476069700041
