,rmse,mean,median,std,min,max,sse
truth.txt,1.392933961049517,1.3762103469840237,1.3708863080146445,0.21519781759862483,0.8287338921083078,1.7745795682035574,44.62609545643724
