,rmse,mean,median,std,min,max,sse
truth.txt,1.3324219533497172,1.3173832551568336,1.3127426674951275,0.19962369799365015,0.8380012784902512,1.6841122305097782,40.83301002067034
