,rmse,mean,median,std,min,max,sse
truth.txt,1.3679548419618972,1.3508083185437674,1.338224606322933,0.21591048191312587,0.9083323433218025,1.8173345572091613,43.039910341880976
