,rmse,mean,median,std,min,max,sse
truth.txt,1.3835663907354434,1.3658972518706622,1.434730497565244,0.22041019691673353,0.791154987326669,1.7547617540622837,44.02788702417213
