,rmse,mean,median,std,min,max,sse
truth.txt,1.3496592170577688,1.3335600607235978,1.3522918692278638,0.20784024305187834,0.8745217194475056,1.8119311560065057,41.89634005034676
