,rmse,mean,median,std,min,max,sse
truth.txt,1.3504032991218688,1.3352269237916805,1.2795827055688744,0.20188643406884418,0.8115745420677385,1.7487414472070517,41.942548616422236
