,rmse,mean,median,std,min,max,sse
truth.txt,1.3442328537562866,1.328331270112084,1.3788424868178015,0.2061504352655814,0.8165033700699033,1.7051736414328365,41.560125197708714
