,rmse,mean,median,std,min,max,sse
truth.txt,1.3627053960921294,1.3467647656676405,1.3585575599350148,0.2078236331478998,0.8237452852427539,1.772456689548532,42.71021792038797
