,rmse,mean,median,std,min,max,sse
truth.txt,1.3613286171926384,1.3468744403593396,1.3548157682160344,0.19785056455400088,0.7600258878753596,1.8079537677241533,42.62395889171528
