,rmse,mean,median,std,min,max,sse
truth.txt,1.3675592505913587,1.3534256444205601,1.3714095292445405,0.1961054025334104,0.8725587286164327,1.7973830027784676,43.01502098919397
