,rmse,mean,median,std,min,max,sse
truth.txt,1.3689341946290214,1.3543208402094329,1.318972659948161,0.19948907488637765,0.8575300967393905,1.762286941638079,43.10155907216597
