,rmse,mean,median,std,min,max,sse
truth.txt,1.3601930803757685,1.345596744707004,1.3759578085638529,0.19873252510858716,0.8175236173206287,1.7510216758743429,42.55287996574881
