,rmse,mean,median,std,min,max,sse
truth.txt,1.3748372956304438,1.3614316714043253,1.323730470272194,0.19152387202032545,0.9236495421617619,1.7464298460403958,43.474084557497946
