,rmse,mean,median,std,min,max,sse
truth.txt,1.395586232925986,1.375339743566289,1.3216774941608609,0.23685760131259945,0.8277958473007078,1.790571591411449,44.79620147124852
