,rmse,mean,median,std,min,max,sse
truth.txt,1.3614038302256506,1.344798099076104,1.33692597258406,0.21198693750882258,0.850465399645955,1.7875348226610968,42.62866894592065
