,rmse,mean,median,std,min,max,sse
truth.txt,1.367402402161516,1.3516954558569467,1.353890505446533,0.2066608914448135,0.8245121537943871,1.7558120397986794,43.00515457705294
