,rmse,mean,median,std,min,max,sse
truth.txt,1.3417970099648855,1.3226699791647254,1.2724974829415099,0.22575061941685146,0.8047146489726599,1.754645215882952,41.40964196686627
