,rmse,mean,median,std,min,max,sse
truth.txt,1.3684487814619974,1.3528906198225727,1.3371793688916964,0.2057645214338975,0.8020662021562569,1.7782164725068124,43.07099755215099
