,rmse,mean,median,std,min,max,sse
truth.txt,1.3762114790344337,1.3553445150159846,1.330759652898447,0.23874522119244507,0.7084473004840716,1.7828458637111189,43.56103480560131
