,rmse,mean,median,std,min,max,sse
truth.txt,1.3560657688929427,1.3392933267857408,1.3779697528150054,0.21262115226475167,0.7318527983557159,1.7592928504652017,42.29503049995378
