,rmse,mean,median,std,min,max,sse
truth.txt,1.3575229949729566,1.340926533100587,1.3805934610635944,0.21162399369444349,0.8431524851080712,1.8255520329348753,42.38597968324796
