,rmse,mean,median,std,min,max,sse
truth.txt,1.3371115710100843,1.3246888498273202,1.3161853118275006,0.1818428015408559,0.9079484680780578,1.7817136523025976,41.120949126568284
