,rmse,mean,median,std,min,max,sse
truth.txt,1.364445393101503,1.349417791841531,1.3199840876205031,0.20194765118080063,0.9328138853965866,1.7639934388352343,42.819358307386054
