,rmse,mean,median,std,min,max,sse
truth.txt,1.3791578840982845,1.3657468975610114,1.3505870427185787,0.19186422562043648,1.010986630161363,1.783972107202234,43.74775879322052
