,rmse,mean,median,std,min,max,sse
truth.txt,1.3683292368381048,1.349323393501039,1.3137229052729118,0.22726917990962014,0.8567134488122014,1.7993241801990159,43.06347270887686
