,rmse,mean,median,std,min,max,sse
truth.txt,1.346365964239578,1.3309323918574023,1.3420517200176019,0.2032738988840015,0.8309967464768517,1.7557231553123511,41.692130122243675
