,rmse,mean,median,std,min,max,sse
truth.txt,1.3507356701882065,1.335715815178455,1.3460731219691147,0.2008733725533053,0.8189092402049939,1.7876625419676189,41.96319756653202
