,rmse,mean,median,std,min,max,sse
truth.txt,1.3932393313275178,1.3744895497008278,1.3092317513134006,0.2278032311473319,0.7790615177350254,1.7570178906550598,44.64566419023282
