,rmse,mean,median,std,min,max,sse
truth.txt,1.3709429933874173,1.3559333063127166,1.3507236535503693,0.20231055323417116,0.871615287992954,1.76932155720151,43.228147895715196
