,rmse,mean,median,std,min,max,sse
truth.txt,1.3522683654920529,1.3354230893492072,1.3411363547986286,0.21277900447076076,0.8254124480296119,1.7698823179848564,42.05848384314261
