,rmse,mean,median,std,min,max,sse
truth.txt,1.378411769583004,1.363364467894587,1.3512677787109877,0.2031165532581199,0.8767051068717914,1.752636588966516,43.700437150073824
