,rmse,mean,median,std,min,max,sse
truth.txt,1.3797473755345906,1.3621811999839601,1.3244464887703948,0.21946571191156014,0.8621347672852183,1.8170493952976476,43.78516486677558
