,rmse,mean,median,std,min,max,sse
truth.txt,1.3828500597022786,1.369151105151121,1.3280704463465096,0.19416369094673686,0.9350007801947902,1.7613684425798408,43.982308615227694
