,rmse,mean,median,std,min,max,sse
truth.txt,1.3711231473203782,1.3544010410553102,1.3213229243625204,0.2134865454918202,0.8807487521170411,1.7949360043878835,43.23950975770801
