,rmse,mean,median,std,min,max,sse
truth.txt,1.3612040940580166,1.3484267401507979,1.312457345354583,0.1860696432161836,0.928507270444524,1.736533013452551,42.61616147064702
