,rmse,mean,median,std,min,max,sse
truth.txt,1.3556858297844008,1.340311250740797,1.3695524878465888,0.20359228918566272,0.9311776803856465,1.7568752459245336,42.27133358879904
