,rmse,mean,median,std,min,max,sse
truth.txt,1.3816555116306584,1.3628250655810834,1.3479821986588805,0.22733190150810767,0.8779555208878753,1.800441643499251,43.90635491484566
