,rmse,mean,median,std,min,max,sse
truth.txt,1.3446206370937726,1.3291256115761612,1.3570660879679646,0.2035430331668444,0.8232298958685502,1.7797841636816043,41.58410712706465
