,rmse,mean,median,std,min,max,sse
truth.txt,0.3482770685303218,0.3124641913078232,0.303014262499413,0.15382797409581445,0.03497858558945312,0.6397425018188119,2.7898290786737125
