,rmse,mean,median,std,min,max,sse
truth.txt,0.37995403656628185,0.33520113179930455,0.2720769980910216,0.17890017088722046,0.1466536872066666,0.9517838453096286,3.320396607769263
