,rmse,mean,median,std,min,max,sse
truth.txt,0.38185428534372295,0.34194140170891096,0.33572014774251524,0.16996697630042884,0.12539460828005125,0.8581457034651401,3.3536919904134037
