,rmse,mean,median,std,min,max,sse
truth.txt,0.3576637435516622,0.32940426455243665,0.29306726112559256,0.13934196764097134,0.1605199107837836,0.6880368996114105,2.9422371293819514
