,rmse,mean,median,std,min,max,sse
truth.txt,0.3942621394202901,0.33913045128529373,0.28456780044355046,0.2010800129085368,0.1208930155312647,1.1019866471160784,3.575180595346078
