,rmse,mean,median,std,min,max,sse
truth.txt,0.34701087848213247,0.316270936869305,0.27967149488214504,0.14279091104392255,0.1247108432958935,0.6813035239379999,2.7695806450536495
