,rmse,mean,median,std,min,max,sse
truth.txt,0.36021600575361823,0.32713274140140347,0.27068820456536835,0.15079701689454342,0.13663062435950174,0.7546373204955904,2.984378128425086
