,rmse,mean,median,std,min,max,sse
truth.txt,0.37020832944610793,0.32594425864046256,0.2796663415836876,0.1755407287514704,0.09616399350890063,0.9089854758789813,3.1522467653993944
