,rmse,mean,median,std,min,max,sse
truth.txt,0.3793127691080206,0.3422620084198692,0.32931382997900216,0.16350808665259312,0.12113666682707784,0.8281778128285497,3.3091980665930745
