,rmse,mean,median,std,min,max,sse
truth.txt,0.3756387026403175,0.3378363165825603,0.34088417494229706,0.16422867629993543,0.085036456027179,0.6279126775593706,3.24540200318992
