,rmse,mean,median,std,min,max,sse
truth.txt,0.32029989649399354,0.2944374798755776,0.28069367827386477,0.1260896274028192,0.058650849023109713,0.5786845038017923,2.359616544963448
