,rmse,mean,median,std,min,max,sse
truth.txt,0.3438272366036173,0.31266570161478546,0.29886613944717444,0.14302911474316604,0.11110863743401228,0.5728253955746301,2.7189948785010363
