,rmse,mean,median,std,min,max,sse
truth.txt,0.37614337104279183,0.33843347746295604,0.3240843869050811,0.16415424731564576,0.09172709831189572,0.826594188358462,3.2541282183270135
