,rmse,mean,median,std,min,max,sse
truth.txt,0.29480593431412616,0.26765771081688194,0.24354361427052343,0.12357139129706039,0.08610042900296519,0.5339819955275079,1.9989423948569718
