,rmse,mean,median,std,min,max,sse
truth.txt,0.3583823458676389,0.3280128508579008,0.3038863097793747,0.14437962287547518,0.0703141390028795,0.6633978653224465,2.9540718340806147
