,rmse,mean,median,std,min,max,sse
truth.txt,0.36310319966465165,0.3341713787563869,0.30274356113513284,0.14203317650029268,0.1152352255119665,0.6628554002798906,3.0324104729542816
