,rmse,mean,median,std,min,max,sse
truth.txt,0.37943788611555695,0.336284039758977,0.3058477068560279,0.17574457039472127,0.1228242980682704,0.8552756987643634,3.3113815166563745
