,rmse,mean,median,std,min,max,sse
truth.txt,0.4828687665852056,0.3643153772213474,0.3147075257969312,0.31691726312017965,0.09819601684034393,1.7212328574996374,5.3627316521009085
