,rmse,mean,median,std,min,max,sse
truth.txt,0.37181732038846055,0.34242592565660657,0.3455656103760092,0.14488825065915906,0.09055736460522514,0.6148983019981777,3.179706754039668
