,rmse,mean,median,std,min,max,sse
truth.txt,0.35866806355202746,0.3252092949371191,0.2904734816924591,0.15126696367238654,0.04661947316193986,0.6518038572956553,2.958783935679708
