,rmse,mean,median,std,min,max,sse
truth.txt,0.3886344739954988,0.3390523996705113,0.31910264272556077,0.1899479524907439,0.09845582048751188,0.8902839791392452,3.4738453506884346
