,rmse,mean,median,std,min,max,sse
truth.txt,0.3745745833366732,0.3278093621213546,0.30727236849456646,0.18123780120999297,0.07293307470361707,0.7667472379575068,3.2270407250823734
