,rmse,mean,median,std,min,max,sse
truth.txt,0.35454766704549934,0.31961358457453976,0.30734216385340585,0.1534640178114068,0.08367186534679977,0.6659721150492239,2.891193108770344
