,rmse,mean,median,std,min,max,sse
truth.txt,0.3389950986899432,0.31400974490379935,0.30140385765275796,0.12773236489337841,0.03337573623146112,0.5319719303875478,2.6431065695234994
