,rmse,mean,median,std,min,max,sse
truth.txt,0.3767056386355856,0.3242772820875661,0.2748978735303777,0.1917065009376193,0.13447656388753665,1.0500458161391135,3.2638641781364206
