,rmse,mean,median,std,min,max,sse
truth.txt,0.3379469137783415,0.3082006305347081,0.2908072310631176,0.13863797412799342,0.09582394647509261,0.5906484920016303,2.6267866802430335
