,rmse,mean,median,std,min,max,sse
truth.txt,0.3916310194851504,0.34493108305251885,0.3004992200347514,0.18546536972490188,0.11912923725091369,0.9135028380538649,3.5276216747284996
