,rmse,mean,median,std,min,max,sse
truth.txt,0.3504359148654652,0.3210920571983582,0.2859640177631824,0.14037528711180566,0.10112850398275358,0.6679523068914032,2.8245225998346988
