,rmse,mean,median,std,min,max,sse
truth.txt,0.3896495061878071,0.33729344083499796,0.315485190708851,0.19508939602676928,0.1041926797799782,1.0300649586780535,3.4920149664652436
