,rmse,mean,median,std,min,max,sse
truth.txt,0.3706801154252774,0.3196794380234577,0.2532214834826324,0.1876400940009976,0.12994975738370876,0.853840935869805,3.16028620334903
