,rmse,mean,median,std,min,max,sse
truth.txt,0.36592375733776505,0.33148548711831793,0.2613838446256383,0.15497602399764634,0.11957110564182453,0.6944420606902182,3.0797045122363143
