,rmse,mean,median,std,min,max,sse
truth.txt,0.3613239874975343,0.31068389815908554,0.252376473774436,0.18447368204107953,0.12997405703910891,0.9413162287166745,3.002765550645721
