,rmse,mean,median,std,min,max,sse
truth.txt,0.34232642072234953,0.3240864113660535,0.28231069029156225,0.11025142308581866,0.1772338871065049,0.5756274280472771,2.695309701465226
