,rmse,mean,median,std,min,max,sse
truth.txt,0.317623685197979,0.29372466157362004,0.29117663160408624,0.12087443312052075,0.10112427914834721,0.5186631882415845,2.3203505241711317
