,rmse,mean,median,std,min,max,sse
truth.txt,0.36591039964612887,0.3243538497604272,0.2667367808021124,0.16936646868486085,0.13266807182564433,0.7409200951855919,3.079479673091364
