,rmse,mean,median,std,min,max,sse
truth.txt,0.2988728107987786,0.27677458742568506,0.2486660008326454,0.11278645658989539,0.08174430454568755,0.5730948377544983,2.0544740117995373
