,rmse,mean,median,std,min,max,sse
truth.txt,0.3457230865519786,0.3106526087872295,0.28054983308109593,0.15172148571878505,0.08807972705266542,0.6041508589036285,2.7490624092256186
