,rmse,mean,median,std,min,max,sse
truth.txt,0.3698804036691244,0.3372390040940792,0.3226867821862468,0.15192553154775532,0.0637704781347263,0.6930323245247809,3.146664799423991
