,rmse,mean,median,std,min,max,sse
truth.txt,0.42903108823349195,0.36015300178387144,0.30126231905752315,0.2331469278735644,0.08754706679084596,1.0946080671129106,4.23355651742873
