,rmse,mean,median,std,min,max,sse
truth.txt,0.34933870888672247,0.32304838198490676,0.30845769507489534,0.13295591909943705,0.07097838289236205,0.5420799312560605,2.8068632711127717
