,rmse,mean,median,std,min,max,sse
truth.txt,0.38130588638557983,0.33117340107388277,0.28218820557925633,0.18899300890099055,0.11351480417060586,0.9563430240491583,3.344066116822733
