,rmse,mean,median,std,min,max,sse
truth.txt,1.3609165192082904,1.3311426045373396,1.254330122004622,0.2831132964725554,0.8640328110767426,1.8665896401828643,42.598156761842205
