,rmse,mean,median,std,min,max,sse
truth.txt,1.3820856733142395,1.3551425539354987,1.283371993808783,0.27156853074988013,0.7731182888823687,1.835830421606535,43.93369859275092
