,rmse,mean,median,std,min,max,sse
truth.txt,1.4067988608842916,1.3808184446489782,1.3161289621334167,0.2691160677152444,0.7900539533616914,1.846709865835128,45.518909804662826
