,rmse,mean,median,std,min,max,sse
truth.txt,1.4154273711886567,1.3917862863004173,1.3525335323110468,0.25761517109076415,0.8100203141214461,1.8084247121648378,46.07899679153072
