,rmse,mean,median,std,min,max,sse
truth.txt,1.3946953147846006,1.368542451654277,1.2952807203578478,0.2688244391833017,0.8865297256837311,1.8203137030736112,44.73902548488867
