,rmse,mean,median,std,min,max,sse
truth.txt,1.403114195669255,1.3743789761814897,1.3162926353061897,0.2825099572031061,0.8445951687249932,1.8291728072271836,45.280777260037354
