,rmse,mean,median,std,min,max,sse
truth.txt,1.3959257244933923,1.3698970305604414,1.3165938206807313,0.26831092777612925,0.785281084108902,1.8476766771054243,44.817998450955244
