,rmse,mean,median,std,min,max,sse
truth.txt,1.4007237220863982,1.374739633739372,1.31059194593945,0.26854773326488934,0.8429983586970216,1.8360387943307122,45.12661974915818
