,rmse,mean,median,std,min,max,sse
truth.txt,1.388392418970849,1.3603302657314367,1.2926263171279153,0.2777320240641406,0.8527739875410006,1.8264901044472466,44.33557070828168
