,rmse,mean,median,std,min,max,sse
truth.txt,1.3663092695567856,1.3343065835239671,1.2884195559308877,0.2939846275596656,0.924950642499441,1.8524064244452907,42.93642346176633
