,rmse,mean,median,std,min,max,sse
truth.txt,1.3811587200912046,1.3571246129456878,1.2832532756603547,0.25653887623709476,0.9281594664214108,1.8460792853327,43.874786431931405
