,rmse,mean,median,std,min,max,sse
truth.txt,1.3991568638970908,1.372363448269642,1.2893120166528538,0.2725041204161863,0.8650403708063564,1.817967125280653,45.02571838517787
