,rmse,mean,median,std,min,max,sse
truth.txt,1.3879634417377782,1.356056338291733,1.3127545350806884,0.295894783629917,0.7355667674527949,1.8694422378255793,44.30817785881331
