,rmse,mean,median,std,min,max,sse
truth.txt,1.3873223546602937,1.3657169422765232,1.304179167416129,0.2438863450852584,0.7827966083888738,1.8101375535002926,44.26725626202418
