,rmse,mean,median,std,min,max,sse
truth.txt,1.3819366085504259,1.3555176009262393,1.3263105024997497,0.26892531236576733,0.78916241858737,1.8175940129865034,43.92422217119262
