,rmse,mean,median,std,min,max,sse
truth.txt,1.381645292243584,1.3564559166088135,1.3041962521197596,0.26262341836896874,0.8988666817058504,1.8205799799145852,43.90570541231375
