,rmse,mean,median,std,min,max,sse
truth.txt,1.397295445783662,1.3637103815490201,1.3184329467744538,0.3045136418343008,0.47669985468957843,1.8209831481790306,44.905994944578545
