,rmse,mean,median,std,min,max,sse
truth.txt,1.3763343071846958,1.3492120270292454,1.3139574132995937,0.27188790199862,0.9541179226928774,1.829069170408773,43.56881087807226
