,rmse,mean,median,std,min,max,sse
truth.txt,1.432933058092767,1.40873554235494,1.3618820159464793,0.2622237988456076,0.7783127281805408,1.835677109991558,47.22583442642705
