,rmse,mean,median,std,min,max,sse
truth.txt,1.3961359458695162,1.361578559309649,1.3571555019073474,0.30870601901684697,0.7038968743924134,1.8696727315738269,44.831498325026274
