,rmse,mean,median,std,min,max,sse
truth.txt,1.4086093236240587,1.3814710585900625,1.3615260217724428,0.27516893152876193,0.867526237539044,1.8636368126159673,45.636145211814444
