,rmse,mean,median,std,min,max,sse
truth.txt,1.4050443848686123,1.377353166080048,1.3222347139087232,0.27757517781690094,0.8174460837290823,1.8117265439878054,45.40544363936879
