,rmse,mean,median,std,min,max,sse
truth.txt,1.3987633472243899,1.3712360187160688,1.3163170433550628,0.2761352612653518,0.600067377236785,1.7967100737069515,45.00039473538272
