,rmse,mean,median,std,min,max,sse
truth.txt,1.3676019022555612,1.3434515127838889,1.265099517811353,0.2558769154333973,0.834243315826004,1.8394300933603758,43.017704150219686
