,rmse,mean,median,std,min,max,sse
truth.txt,1.3716220276992483,1.335542066783524,1.2660647047664983,0.3125289982087905,0.7744520190650082,1.847741587965777,43.27098069800534
