,rmse,mean,median,std,min,max,sse
truth.txt,1.4039598801836042,1.3734413434783597,1.335424597000704,0.29113952186111364,0.9088986411623329,1.8349669882696178,45.33537693879868
