,rmse,mean,median,std,min,max,sse
truth.txt,1.4113856563411455,1.3909370579221676,1.3966852914021481,0.23938164471059836,0.9876716389612628,1.8256298330999043,45.816217831287105
