,rmse,mean,median,std,min,max,sse
truth.txt,1.3754787433907598,1.344525878047761,1.3223071527482904,0.29015846839222414,0.8803747902499085,1.8441411124415283,43.514660790955936
