,rmse,mean,median,std,min,max,sse
truth.txt,1.3612740478210836,1.3094448231617044,1.2735876644148652,0.37205011539604427,0.4425053449040434,1.8152927829851178,42.620541765237554
