,rmse,mean,median,std,min,max,sse
truth.txt,1.389172741157399,1.3659387614245349,1.324015601387208,0.2530063335427982,0.9173714553861851,1.8627541383112058,44.38542080981953
