,rmse,mean,median,std,min,max,sse
truth.txt,1.3951473793707263,1.3697384268216617,1.281235862838047,0.2650525462113586,0.9004096141720428,1.8321920071354205,44.76803283379512
