,rmse,mean,median,std,min,max,sse
truth.txt,1.3975914690193654,1.371703626218831,1.3067955165040317,0.2677518927922215,0.8838800864685274,1.849666841807249,44.92502402834128
