,rmse,mean,median,std,min,max,sse
truth.txt,1.396814655470185,1.3739556865906848,1.2722964507105687,0.25166833933057925,0.8767033200966896,1.799280993840094,44.875097179934706
