,rmse,mean,median,std,min,max,sse
truth.txt,1.400517272332309,1.3751976786653584,1.3098223105004103,0.2651037055466041,0.706030541235557,1.8465673789134636,45.11331849232601
