,rmse,mean,median,std,min,max,sse
truth.txt,1.3860233126052095,1.3567717476661472,1.2964081433682744,0.2832508566978518,0.6555944273792654,1.834792541806425,44.18439433095772
