,rmse,mean,median,std,min,max,sse
truth.txt,1.3510676129553147,1.3153226160514782,1.3127706337355545,0.30872335590341654,0.7885723733421038,1.880450350960522,41.98382497986576
