,rmse,mean,median,std,min,max,sse
truth.txt,1.4058837267191637,1.3855399632590875,1.3103044498211456,0.23830246172830602,1.038180374427548,1.8120781885840467,45.45970822023658
