,rmse,mean,median,std,min,max,sse
truth.txt,1.4067529032856103,1.3789010781046263,1.3014899789995626,0.2785418239769262,0.8006922594385191,1.8233119035403784,45.51593581075735
