,rmse,mean,median,std,min,max,sse
truth.txt,1.3887436851370296,1.356044664226181,1.3461010902118657,0.29958620066965935,0.7216747646679398,1.8012558769567941,44.35800752918348
