,rmse,mean,median,std,min,max,sse
truth.txt,1.3942488087465421,1.3612894612033695,1.267912158886725,0.3013648013749989,0.9155109500723335,1.901886414283414,44.710384035896496
