,rmse,mean,median,std,min,max,sse
truth.txt,1.4019149943234617,1.3771964007210031,1.3163139316797086,0.2620986935298719,0.907932145148835,1.8375248497224699,45.20340998010589
