,rmse,mean,median,std,min,max,sse
truth.txt,0.38678965130641285,0.3467786460298345,0.3881067780953288,0.17132076644543492,0.06763998715813,0.6169215093366117,3.4409433902279383
