,rmse,mean,median,std,min,max,sse
truth.txt,0.35782213525539147,0.3249435187403629,0.3494371173520611,0.14982786826007732,0.0685065351428104,0.5750732629814916,2.9448436510107365
