,rmse,mean,median,std,min,max,sse
truth.txt,0.40821987112017394,0.3810457985003229,0.41456595259993206,0.14644986385320657,0.18201642739025958,0.6523179114968654,3.832799653079543
