,rmse,mean,median,std,min,max,sse
truth.txt,0.38389181914432696,0.34737399070536085,0.32640445264287715,0.16341431818348282,0.04382289058223336,0.6672243351403498,3.3895773625366354
