,rmse,mean,median,std,min,max,sse
truth.txt,0.3865498735862314,0.3420702834810333,0.32800831463942304,0.18002423705917228,0.07527823928710374,0.6978319224850721,3.4366785096992243
