,rmse,mean,median,std,min,max,sse
truth.txt,0.3863167899872673,0.34490566317902205,0.33743097408114675,0.17401363662973485,0.08824276724995184,0.7387689836061835,3.432535231199527
