,rmse,mean,median,std,min,max,sse
truth.txt,0.37510393148439614,0.338130251450889,0.29664620975792405,0.16239117115412738,0.1003535686759114,0.6379218574225415,3.2361680665461625
