,rmse,mean,median,std,min,max,sse
truth.txt,0.35561058887737323,0.3317131599208419,0.3122361166478293,0.12816111132883537,0.1800351575529053,0.5840665726000813,2.90855449119938
