,rmse,mean,median,std,min,max,sse
truth.txt,0.3879818966108022,0.35789088136327246,0.3899376274301751,0.14981344777667727,0.10109973151331322,0.5752559736719782,3.4621888982474496
