,rmse,mean,median,std,min,max,sse
truth.txt,0.38622778164543364,0.3479992791193122,0.30131647250745397,0.16753626785622208,0.09715313481164276,0.641152514769489,3.430953684239313
