,rmse,mean,median,std,min,max,sse
truth.txt,0.39860100048712044,0.360416034790039,0.4032580442860937,0.17024405850295876,0.0900223448581411,0.6537438910339011,3.654303424554668
