,rmse,mean,median,std,min,max,sse
truth.txt,0.4025608730206336,0.3591229887696732,0.40025599668700335,0.1818953969298615,0.07259051508307554,0.6717596046485509,3.727270899204098
