,rmse,mean,median,std,min,max,sse
truth.txt,0.3754642421164396,0.3374643242241287,0.3100979661982057,0.16459412803628373,0.10584207809499595,0.6426720590862945,3.2423881334856643
