,rmse,mean,median,std,min,max,sse
truth.txt,0.45758509472365416,0.40947685247361715,0.4543640870186976,0.2042371812417002,0.08855812555252594,0.9147142561939554,4.815834735004877
