,rmse,mean,median,std,min,max,sse
truth.txt,0.3891109679953091,0.34098096672540956,0.31582001936068876,0.18745486322112756,0.05447120866562112,0.8717448737936676,3.482368944527669
