,rmse,mean,median,std,min,max,sse
truth.txt,0.39947250631959175,0.3552417569255074,0.3764128744803652,0.18270625999602466,0.10438547115922048,0.8021244176043604,3.6703005160208937
