,rmse,mean,median,std,min,max,sse
truth.txt,0.3592436347577459,0.3181772395902895,0.3317574629794289,0.16679098692873148,0.07673559758469232,0.6064395805005393,2.9682877496210054
