,rmse,mean,median,std,min,max,sse
truth.txt,0.385247884472737,0.3497637964205901,0.29433497514790613,0.16149680865012592,0.0978763405190757,0.6658338491652914,3.4135664472865446
