,rmse,mean,median,std,min,max,sse
truth.txt,0.3914212677673693,0.35674542120721653,0.3804223281318343,0.16106928108208649,0.10655162975548084,0.6480170398755309,3.5238440037941356
