,rmse,mean,median,std,min,max,sse
truth.txt,0.3831035231037088,0.34678355554603635,0.37361227919700707,0.1628173056444648,0.0535654733877452,0.6386981802088556,3.375671116532901
