,rmse,mean,median,std,min,max,sse
truth.txt,0.3380336813435512,0.301219124027534,0.3294660537416562,0.153407330472695,0.06988727926814003,0.6279309502399651,2.628135703621491
