,rmse,mean,median,std,min,max,sse
truth.txt,0.3853705214355143,0.33962371124606694,0.2947409238866478,0.18211582454835798,0.0615369617586141,0.7464313652803997,3.415740092204045
