,rmse,mean,median,std,min,max,sse
truth.txt,0.3952841569345572,0.3561680366024508,0.36367266561797423,0.17144647685566167,0.10823195913455978,0.7061145364840746,3.593739988639664
