,rmse,mean,median,std,min,max,sse
truth.txt,0.40988682743757815,0.3705354944940744,0.3963170357171142,0.17524456803814126,0.08575558304158865,0.7118709756001066,3.8641658600573883
