,rmse,mean,median,std,min,max,sse
truth.txt,0.4199231255757473,0.364636808492732,0.32141651980770486,0.20826768660917977,0.03817281823312588,0.7980535694846148,4.055714922046011
