,rmse,mean,median,std,min,max,sse
truth.txt,0.3963755879268041,0.35928092760671265,0.39093679526858177,0.1674240776064774,0.10769659569522046,0.6440047583532108,3.6136129541993514
