,rmse,mean,median,std,min,max,sse
truth.txt,0.37584905849776035,0.34323732819113284,0.3644795050001022,0.15313605489846413,0.07020272282080256,0.595056357577654,3.249037839794016
