,rmse,mean,median,std,min,max,sse
truth.txt,0.3653227524609902,0.33022219910827105,0.29065543956642287,0.15624984058158695,0.09328893200987277,0.6513370992105542,3.069596409710501
