,rmse,mean,median,std,min,max,sse
truth.txt,0.38709415343393627,0.33862861219564744,0.3465687190434562,0.18754345263214503,0.04650510538768827,0.7131628815373615,3.446363323322923
