,rmse,mean,median,std,min,max,sse
truth.txt,0.4263525927074904,0.37187965526679273,0.37608652256099,0.20852351260001978,0.09522427349949496,0.9605096120452151,4.18086026609318
