,rmse,mean,median,std,min,max,sse
truth.txt,0.3816034191356168,0.33688538551036806,0.3800194270360248,0.1792467754954714,0.07212785044294624,0.6271276786064361,3.3492868984078448
