,rmse,mean,median,std,min,max,sse
truth.txt,0.37694598787546935,0.34065048835319267,0.33840052366044604,0.1613862526987502,0.1448807227693924,0.6877164757977177,3.2680303888345104
