,rmse,mean,median,std,min,max,sse
truth.txt,0.3830296717623374,0.3435940412524621,0.2619789342195065,0.1692774771378792,0.09806416648200487,0.6527240512469737,3.3743697773583694
