,rmse,mean,median,std,min,max,sse
truth.txt,0.3793133386357603,0.3422069559502828,0.3746787435134317,0.16362459523631567,0.07144986463296903,0.5428832329685399,3.3092080039411598
