,rmse,mean,median,std,min,max,sse
truth.txt,0.39250186276688753,0.35942537328525576,0.3950677819320251,0.15770578085229217,0.13099134207991936,0.6059744382633983,3.5433273823359617
