,rmse,mean,median,std,min,max,sse
truth.txt,0.508683324733477,0.45768724725566995,0.4439704381135465,0.22199348765545143,0.07974696194611343,0.9518229996700328,5.9514506718237925
