,rmse,mean,median,std,min,max,sse
truth.txt,0.40800345215475214,0.37894437068410014,0.4153609294372478,0.15122162840356687,0.1406735108982811,0.6585080331945784,3.828736790314488
