,rmse,mean,median,std,min,max,sse
truth.txt,0.4170299656885501,0.38168195225905593,0.4171041915360642,0.16802642530836923,0.07105948380472324,0.676756399283812,4.000021822490445
