,rmse,mean,median,std,min,max,sse
truth.txt,0.37379563322772047,0.34172505016304217,0.37055315697842844,0.15148321857941502,0.06923681858149337,0.5579636851946116,3.2136330346625877
