,rmse,mean,median,std,min,max,sse
truth.txt,0.3455238941288837,0.3038238447200818,0.28016827761453217,0.1645534344627775,0.05883781296758832,0.6753847066651882,2.745895512521724
