,rmse,mean,median,std,min,max,sse
truth.txt,0.3767801712583242,0.3447457382858426,0.34630492385782585,0.15203181702262658,0.09611133291180769,0.5877861093190582,3.265155841429398
